,start_verse_num,end_verse_num,start_verse,end_verse,avg_embedding
0,0,225,1 Nephi 1 1,1 Nephi 10.19,"[-0.0315694  -0.03151299 -0.03154563 -0.03157923 -0.03157101 -0.03152911
 -0.03155661 -0.0315536  -0.03157381 -0.03154745 -0.03154109 -0.03154616
 -0.03153021 -0.03157182 -0.03154281 -0.03154344 -0.0315721  -0.03154421
 -0.03153614 -0.03155378 -0.03153195 -0.03157118 -0.03154355 -0.03154659
 -0.03157879 -0.03156713 -0.03153023 -0.03155046 -0.03154007 -0.03153631
 -0.03155569 -0.03157861 -0.03152942 -0.03156449 -0.03155301 -0.03154836
 -0.03154451 -0.03153629 -0.03157836 -0.03156763 -0.03151625 -0.03152422
 -0.03153279 -0.03154557 -0.03155723 -0.03156576 -0.03153602 -0.03151863
 -0.03153189 -0.03153691 -0.03154352 -0.03154123 -0.03153859 -0.03158498
 -0.03155268 -0.0315597  -0.03155068 -0.03154159 -0.0315489  -0.03154445
 -0.03154226 -0.03152485 -0.03155643 -0.03155872 -0.03154759 -0.03155633
 -0.03152908 -0.03156378 -0.0315539  -0.03154285 -0.03153331 -0.0315536
 -0.03156815 -0.03154199 -0.03153166 -0.03154872 -0.03153583 -0.03153719
 -0.03156512 -0.03153599 -0.03153439 -0.03153687 -0.03156304 -0.03153798
 -0.03156429 -0.03148499 -0.0315567  -0.03156001 -0.0315644  -0.03147422
 -0.03155931 -0.03153851 -0.03153316 -0.03156337 -0.03154087 -0.03154244
 -0.03152433 -0.03154621 -0.03155882 -0.03155527 -0.03152507 -0.03152849
 -0.03156695 -0.03156791 -0.03151555 -0.03155544 -0.03153243 -0.03151863
 -0.03154734 -0.03150621 -0.03154686 -0.03153044 -0.03151597 -0.03152783
 -0.03153532 -0.03154135 -0.0315354  -0.03152339 -0.0315735  -0.03154104
 -0.03153511 -0.03151765 -0.03153483 -0.03156939 -0.03158072 -0.03155836
 -0.03157189 -0.03156848 -0.0315515  -0.03151303 -0.03152297 -0.03157985
 -0.03154396 -0.03151378 -0.03153741 -0.03159945 -0.03154855 -0.03159407
 -0.03154263 -0.03155008 -0.03155109 -0.03156195 -0.03152973 -0.03154949
 -0.03152835 -0.03154602 -0.03154527 -0.03151419 -0.03156281 -0.03152392
 -0.03152821 -0.03150065 -0.03157353 -0.03152179 -0.03155122 -0.03155978
 -0.03155487 -0.03156055 -0.03155018 -0.03153545 -0.0315729  -0.0315633
 -0.03153252 -0.03156366 -0.03157991 -0.03157898 -0.03151658 -0.0315494
 -0.03155269 -0.03156311 -0.03154884 -0.03152611 -0.03156679 -0.03152662
 -0.03157766 -0.03154283 -0.03155893 -0.03156637 -0.0315581  -0.0315225
 -0.03153248 -0.0315379  -0.03156561 -0.03153223 -0.03154977 -0.03156595
 -0.03154569 -0.03153762 -0.03158511 -0.03157219 -0.03156411 -0.03155767
 -0.03160524 -0.03156051 -0.03158026 -0.03152809 -0.0315567  -0.03155955
 -0.03160606 -0.03156922 -0.03152605 -0.03156769 -0.03157583 -0.03158625
 -0.03154691 -0.03153759 -0.03154701 -0.03156481 -0.03155018 -0.03157691
 -0.03152427 -0.03153067 -0.03155831 -0.03153292 -0.03152891 -0.03153159
 -0.0315403  -0.03154118 -0.03154099 -0.03154407 -0.03156434 -0.03157354
 -0.03157799 -0.0315313  -0.03154292 -0.03157176]"
1,225,237,1 Nephi 10 19,1 Nephi 11.9,"[-0.03157176 -0.03153408 -0.03155263 -0.03152282 -0.031554   -0.03152663
 -0.03155203 -0.03154651 -0.03154089 -0.03149201 -0.03157045 -0.03156786
 -0.03158507]"
2,237,286,1 Nephi 11 9,1 Nephi 12.22,"[-0.03158507 -0.03154012 -0.03153099 -0.03158652 -0.03155768 -0.03158817
 -0.03158223 -0.03154917 -0.03156698 -0.03155908 -0.03154508 -0.03153843
 -0.03154577 -0.03159929 -0.03154568 -0.03154478 -0.03154522 -0.03153724
 -0.0315353  -0.03151871 -0.03156145 -0.03156437 -0.0315458  -0.03154833
 -0.03151779 -0.03153264 -0.03151601 -0.03158012 -0.0315775  -0.03152199
 -0.03155576 -0.03153457 -0.03152926 -0.0315295  -0.03154563 -0.03156711
 -0.03155205 -0.03155784 -0.03156874 -0.03154243 -0.03154488 -0.03152995
 -0.03152472 -0.03152401 -0.03155834 -0.03156149 -0.03153306 -0.03153047
 -0.0315472  -0.03152514]"
3,286,334,1 Nephi 12 22,1 Nephi 14.5,"[-0.03152514 -0.03148242 -0.03155065 -0.03154364 -0.03154389 -0.0315459
 -0.03158062 -0.03153233 -0.0315743  -0.03158304 -0.03152099 -0.03154814
 -0.03154995 -0.03152158 -0.03151837 -0.0315048  -0.03150035 -0.03153337
 -0.03150641 -0.03149518 -0.03153173 -0.03152253 -0.03155315 -0.03157624
 -0.03154847 -0.0315732  -0.03153268 -0.03154886 -0.03152604 -0.0315438
 -0.03154074 -0.03156707 -0.03151761 -0.03154901 -0.03152753 -0.03156322
 -0.03155217 -0.03152926 -0.03156    -0.03153188 -0.03152875 -0.03156713
 -0.03152915 -0.03154824 -0.03151725 -0.03152748 -0.03154096 -0.03152306
 -0.03156637]"
4,334,335,1 Nephi 14 5,1 Nephi 14.6,[-0.03156637 -0.03156613]
5,335,533,1 Nephi 14 6,1 Nephi 19.19,"[-0.03156613 -0.03155794 -0.03154677 -0.03155914 -0.03155405 -0.03154433
 -0.03154639 -0.03152204 -0.03153107 -0.03153001 -0.03156699 -0.03154142
 -0.03157795 -0.03154053 -0.03157472 -0.03151675 -0.03155854 -0.03156151
 -0.03152392 -0.031526   -0.03154547 -0.03153395 -0.0315923  -0.03153032
 -0.03156974 -0.03155587 -0.03154098 -0.03153143 -0.03156517 -0.03155326
 -0.03157058 -0.03153294 -0.03154412 -0.03152026 -0.03157321 -0.03153862
 -0.03156323 -0.03152519 -0.03156773 -0.03154294 -0.0315553  -0.03155797
 -0.03154152 -0.03152297 -0.03154459 -0.03155297 -0.03156287 -0.03154701
 -0.03156218 -0.03154732 -0.03153021 -0.03155907 -0.03153094 -0.03156352
 -0.0315317  -0.03151975 -0.03157402 -0.03155918 -0.03158003 -0.03155652
 -0.03155877 -0.03158017 -0.03155581 -0.0315485  -0.031535   -0.03153204
 -0.03156462 -0.03155351 -0.03154842 -0.03153317 -0.03156277 -0.03157242
 -0.03157132 -0.03154885 -0.03154387 -0.03155627 -0.03155249 -0.03156298
 -0.03154561 -0.03156279 -0.03155369 -0.03157219 -0.03152491 -0.03158285
 -0.03155355 -0.03153401 -0.03156507 -0.03149325 -0.03151443 -0.0315543
 -0.03152957 -0.03156619 -0.03153666 -0.03156921 -0.03155328 -0.03154917
 -0.03151747 -0.03151044 -0.03154907 -0.03154424 -0.03155882 -0.03155552
 -0.03154775 -0.0315278  -0.03151817 -0.03157953 -0.0315338  -0.03155411
 -0.03152459 -0.03153401 -0.03154969 -0.03154531 -0.03155497 -0.031511
 -0.03153379 -0.03155517 -0.03155005 -0.03155484 -0.03156292 -0.03154395
 -0.03151403 -0.03153458 -0.03157945 -0.03148785 -0.03155151 -0.03154584
 -0.03150011 -0.03153851 -0.03148861 -0.03155168 -0.03151917 -0.03149777
 -0.03155418 -0.03152774 -0.03155644 -0.03153668 -0.03156086 -0.03157254
 -0.03156195 -0.03157109 -0.03153939 -0.03153633 -0.03155535 -0.03152975
 -0.03154047 -0.03154643 -0.03152239 -0.03155691 -0.0315483  -0.03158033
 -0.03160119 -0.03156191 -0.03155132 -0.03155818 -0.03155532 -0.03153377
 -0.03154615 -0.0315169  -0.03154151 -0.031519   -0.03155047 -0.03156063
 -0.03154966 -0.03155098 -0.03155926 -0.0315383  -0.03153684 -0.03154854
 -0.03152519 -0.03153891 -0.03152897 -0.03154352 -0.03155832 -0.03155287
 -0.03156597 -0.03155069 -0.03153783 -0.03154767 -0.03155159 -0.03155497
 -0.0315701  -0.03157176 -0.03156263 -0.03154007 -0.03153989 -0.03156283
 -0.03157578 -0.0315319  -0.03156075 -0.03154596 -0.03154992 -0.03152715
 -0.0315531  -0.03150709 -0.03156521 -0.03149666 -0.0314876  -0.03153899
 -0.03154638]"
6,533,534,1 Nephi 19 19,1 Nephi 19.20,[-0.03154638 -0.03150997]
7,534,566,1 Nephi 19 20,1 Nephi 21.6,"[-0.03150997 -0.03152861 -0.03153295 -0.03153819 -0.03153627 -0.03153711
 -0.03152369 -0.0315381  -0.03151063 -0.03152946 -0.03154849 -0.03152072
 -0.03150212 -0.03155371 -0.03151745 -0.0315071  -0.03155702 -0.03155743
 -0.03155724 -0.03153433 -0.0315395  -0.03155257 -0.03151873 -0.03152761
 -0.03154981 -0.03153398 -0.03152922 -0.03153591 -0.03153809 -0.03152089
 -0.03154966 -0.03155126 -0.03151113]"
8,566,567,1 Nephi 21 6,1 Nephi 21.7,[-0.03151113 -0.03156574]
9,567,807,1 Nephi 21 7,2 Nephi 8.5,"[-0.03156574 -0.03155121 -0.03157054 -0.03154934 -0.03156669 -0.03154467
 -0.03152941 -0.03152452 -0.03151029 -0.03153108 -0.03149935 -0.03155772
 -0.03155075 -0.03157998 -0.03164179 -0.03154579 -0.03154114 -0.03154782
 -0.03153733 -0.03152744 -0.03156929 -0.03152889 -0.03155106 -0.03155424
 -0.03154511 -0.03155234 -0.03156126 -0.03157486 -0.03153631 -0.03157537
 -0.03156838 -0.03154031 -0.03153768 -0.03151207 -0.03154428 -0.0315247
 -0.03156283 -0.03156983 -0.03150421 -0.03153949 -0.03154282 -0.03151885
 -0.0315442  -0.03153085 -0.03152892 -0.03152953 -0.03154183 -0.0315282
 -0.03157684 -0.03153989 -0.03153297 -0.03156725 -0.03152424 -0.03154161
 -0.031555   -0.03157079 -0.03156166 -0.03154427 -0.0315635  -0.03155292
 -0.03155752 -0.03150737 -0.03152377 -0.03157642 -0.03154878 -0.03151989
 -0.0315312  -0.03155093 -0.03155404 -0.03156339 -0.03153833 -0.03154532
 -0.03155961 -0.03156595 -0.03156073 -0.03153098 -0.03155517 -0.03154468
 -0.03156919 -0.03153225 -0.03154074 -0.03157436 -0.03151943 -0.03160402
 -0.0315541  -0.03154117 -0.03156221 -0.03153544 -0.03152187 -0.03157173
 -0.03156414 -0.03156017 -0.03153744 -0.03154417 -0.03154444 -0.03156011
 -0.03158332 -0.03154049 -0.03155544 -0.03154219 -0.0315618  -0.03156598
 -0.03154346 -0.03155719 -0.03156994 -0.03157033 -0.03154765 -0.03154917
 -0.03155045 -0.03156499 -0.03154811 -0.03156059 -0.03156436 -0.03159545
 -0.03155336 -0.0315772  -0.03152689 -0.0315465  -0.03152592 -0.03155118
 -0.03157133 -0.03152412 -0.0315328  -0.0315564  -0.03153681 -0.03152264
 -0.03156488 -0.03153291 -0.03151321 -0.03156272 -0.0315734  -0.03157187
 -0.03153644 -0.03154631 -0.03152054 -0.03150927 -0.03156137 -0.03157456
 -0.0315398  -0.0315395  -0.03156163 -0.03154441 -0.03157074 -0.03154353
 -0.03153564 -0.03158009 -0.03158527 -0.03151695 -0.03155769 -0.03156476
 -0.0315684  -0.03156447 -0.03156629 -0.03153671 -0.03156776 -0.03155362
 -0.0315474  -0.03152504 -0.03152638 -0.0315281  -0.03151537 -0.03152913
 -0.03152426 -0.03158213 -0.03155918 -0.03157197 -0.03158033 -0.03153898
 -0.03154828 -0.03158171 -0.03156034 -0.03154107 -0.03152503 -0.03152984
 -0.03152491 -0.03155555 -0.03154304 -0.03154374 -0.03155793 -0.03150107
 -0.03155033 -0.03152213 -0.03152994 -0.03156182 -0.03154545 -0.03155944
 -0.03155543 -0.03156708 -0.03155453 -0.03154099 -0.03156125 -0.03156006
 -0.03153597 -0.03153959 -0.03151153 -0.03154131 -0.03153197 -0.0315668
 -0.03154371 -0.03156509 -0.03155939 -0.03158615 -0.0315463  -0.03154339
 -0.03156296 -0.03157266 -0.03156352 -0.03156916 -0.03156282 -0.03155523
 -0.03154619 -0.03155581 -0.03155323 -0.03154547 -0.03155925 -0.03155607
 -0.03152973 -0.03155974 -0.03155588 -0.03151933 -0.0315633  -0.03151646
 -0.03153942 -0.03152992 -0.03152281 -0.03157071 -0.03158621 -0.03153416
 -0.03154332 -0.03151637 -0.03155237 -0.0315424  -0.03157273 -0.03154506
 -0.03154749 -0.03156448 -0.03157918 -0.03155294 -0.03153487 -0.03152033
 -0.03153514]"
10,807,808,2 Nephi 8 5,2 Nephi 8.6,[-0.03153514 -0.03159608]
11,808,811,2 Nephi 8 6,2 Nephi 8.9,[-0.03159608 -0.03154826 -0.03155121 -0.03153648]
12,811,812,2 Nephi 8 9,2 Nephi 8.10,[-0.03153648 -0.03155036]
13,812,853,2 Nephi 8 10,2 Nephi 9.26,"[-0.03155036 -0.03151815 -0.03155242 -0.03159609 -0.03160087 -0.03151236
 -0.03154834 -0.03151732 -0.0315786  -0.03154215 -0.03155309 -0.03152901
 -0.03154835 -0.03156562 -0.03154996 -0.03154215 -0.03152347 -0.03153403
 -0.03155378 -0.03157151 -0.03151185 -0.03153697 -0.03155323 -0.03153225
 -0.03154452 -0.03156214 -0.03152895 -0.03154906 -0.03156001 -0.03156265
 -0.03156987 -0.03156039 -0.0315237  -0.03155041 -0.03157264 -0.03157772
 -0.03156289 -0.03154039 -0.03153418 -0.03151916 -0.03154994 -0.03158477]"
14,853,854,2 Nephi 9 26,2 Nephi 9.27,[-0.03158477 -0.0315872 ]
15,854,856,2 Nephi 9 27,2 Nephi 9.29,[-0.0315872  -0.03156537 -0.03155739]
16,856,858,2 Nephi 9 29,2 Nephi 9.31,[-0.03155739 -0.03156939 -0.03152174]
17,858,863,2 Nephi 9 31,2 Nephi 9.36,[-0.03152174 -0.0315614  -0.03161987 -0.03150585 -0.03155028 -0.03155854]
18,863,947,2 Nephi 9 36,2 Nephi 13.11,"[-0.03155854 -0.03146478 -0.03162063 -0.03159886 -0.03155721 -0.0315568
 -0.03157163 -0.03153417 -0.03156285 -0.03155644 -0.03155839 -0.03154625
 -0.03154799 -0.03153025 -0.0315395  -0.03158064 -0.0315686  -0.03157084
 -0.03153206 -0.0315503  -0.03156591 -0.031573   -0.03153403 -0.031554
 -0.03156275 -0.03154495 -0.03153384 -0.03151902 -0.0315137  -0.03151381
 -0.03156855 -0.03154181 -0.03151086 -0.03157181 -0.03154058 -0.03151344
 -0.03153562 -0.03155266 -0.03156647 -0.03155092 -0.03154126 -0.03155606
 -0.03155661 -0.03155805 -0.03158052 -0.0315607  -0.03156028 -0.03153591
 -0.03155315 -0.03150619 -0.03150802 -0.0315945  -0.0315662  -0.0315506
 -0.03153524 -0.03154569 -0.03154498 -0.03154465 -0.03158792 -0.03156975
 -0.03154113 -0.03153675 -0.03153649 -0.03149704 -0.03148959 -0.03155904
 -0.0315513  -0.03153131 -0.0315364  -0.03156655 -0.03154957 -0.03158109
 -0.03154844 -0.03155371 -0.03151017 -0.03155391 -0.03157413 -0.03154852
 -0.0315284  -0.03153204 -0.03155255 -0.03152026 -0.03156163 -0.03154136
 -0.03153343]"
19,947,953,2 Nephi 13 11,2 Nephi 13.17,"[-0.03153343 -0.03155577 -0.031553   -0.03151894 -0.03153872 -0.0315107
 -0.03151651]"
20,953,967,2 Nephi 13 17,2 Nephi 14.5,"[-0.03151651 -0.03144402 -0.03157324 -0.03159199 -0.03155794 -0.03153571
 -0.03155864 -0.03158493 -0.03149915 -0.03152883 -0.03155445 -0.03153478
 -0.03151239 -0.03152107 -0.03153928]"
21,967,968,2 Nephi 14 5,2 Nephi 14.6,[-0.03153928 -0.03150539]
22,968,978,2 Nephi 14 6,2 Nephi 15.10,"[-0.03150539 -0.03158984 -0.03152549 -0.0315524  -0.03158227 -0.03152834
 -0.03155195 -0.03152558 -0.03156556 -0.03153159 -0.03145427]"
23,978,979,2 Nephi 15 10,2 Nephi 15.11,[-0.03145427 -0.03155482]
24,979,985,2 Nephi 15 11,2 Nephi 15.17,"[-0.03155482 -0.03156119 -0.03154712 -0.03154371 -0.03154263 -0.03152352
 -0.031549  ]"
25,985,986,2 Nephi 15 17,2 Nephi 15.18,[-0.031549  -0.0315844]
26,986,987,2 Nephi 15 18,2 Nephi 15.19,[-0.0315844  -0.03155324]
27,987,990,2 Nephi 15 19,2 Nephi 15.22,[-0.03155324 -0.03158584 -0.03155431 -0.03151702]
28,990,1054,2 Nephi 15 22,2 Nephi 18.18,"[-0.03151702 -0.03152132 -0.03156114 -0.03152234 -0.03157448 -0.03158594
 -0.03153548 -0.03153293 -0.03153476 -0.03153629 -0.03154809 -0.03153095
 -0.03153468 -0.0315404  -0.03155285 -0.03153578 -0.03157032 -0.03155085
 -0.03153502 -0.03155518 -0.03151331 -0.03156098 -0.03155878 -0.03152861
 -0.03157887 -0.03155969 -0.03152998 -0.0315187  -0.03155018 -0.03153821
 -0.03153551 -0.03155507 -0.03153313 -0.03155936 -0.03155379 -0.03152715
 -0.03153694 -0.03151243 -0.03152036 -0.03152782 -0.03155015 -0.03154456
 -0.03155495 -0.03154742 -0.03154192 -0.03152548 -0.03154164 -0.03154382
 -0.0315355  -0.0315643  -0.03152513 -0.03154134 -0.03153077 -0.03154065
 -0.031523   -0.03156129 -0.03151316 -0.03156894 -0.03152906 -0.031518
 -0.03149469 -0.03155303 -0.03151129 -0.03151742 -0.03154325]"
29,1054,1055,2 Nephi 18 18,2 Nephi 18.19,[-0.03154325 -0.03157756]
30,1055,1079,2 Nephi 18 19,2 Nephi 19.21,"[-0.03157756 -0.03155908 -0.03153614 -0.03151045 -0.0315285  -0.03155712
 -0.03154392 -0.03152653 -0.03153892 -0.0315553  -0.0315598  -0.03151921
 -0.03156281 -0.03159    -0.03152813 -0.03152529 -0.03153565 -0.03151761
 -0.03155304 -0.03153481 -0.03155924 -0.03154569 -0.03150511 -0.03153674
 -0.03154896]"
31,1079,1080,2 Nephi 19 21,2 Nephi 20.1,[-0.03154896 -0.03156287]
32,1080,1129,2 Nephi 20 1,2 Nephi 21.16,"[-0.03156287 -0.03151009 -0.03155068 -0.03154827 -0.03153725 -0.03155976
 -0.0315694  -0.03154342 -0.03154262 -0.03151954 -0.03156682 -0.03155003
 -0.03154323 -0.03154317 -0.03157973 -0.03155979 -0.03154913 -0.0315627
 -0.03156299 -0.03154224 -0.03150803 -0.03151972 -0.03152326 -0.03156167
 -0.03153525 -0.0315158  -0.03153238 -0.03153352 -0.03153901 -0.03153997
 -0.03148985 -0.03150802 -0.03152556 -0.03152131 -0.03153984 -0.03154297
 -0.0315283  -0.03154295 -0.03156423 -0.0315325  -0.03155958 -0.03155785
 -0.03155157 -0.03153431 -0.03155173 -0.03153326 -0.03153884 -0.0315284
 -0.03152507 -0.03155652]"
33,1129,1130,2 Nephi 21 16,2 Nephi 22.1,[-0.03155652 -0.03151364]
34,1130,1144,2 Nephi 22 1,2 Nephi 23.9,"[-0.03151364 -0.03152106 -0.03153981 -0.03153047 -0.03153045 -0.03152737
 -0.03154767 -0.03154302 -0.03152789 -0.03151663 -0.03152307 -0.03154442
 -0.03152604 -0.03153157 -0.03152052]"
35,1144,1145,2 Nephi 23 9,2 Nephi 23.10,[-0.03152052 -0.03158112]
36,1145,1172,2 Nephi 23 10,2 Nephi 24.15,"[-0.03158112 -0.03155083 -0.03155757 -0.03152965 -0.03152209 -0.03151801
 -0.03154697 -0.03156707 -0.03151911 -0.03155313 -0.03157503 -0.03153038
 -0.03153972 -0.03153083 -0.03151893 -0.03153677 -0.03154947 -0.03152979
 -0.031539   -0.03155334 -0.03155409 -0.03152241 -0.03152116 -0.03155433
 -0.03154052 -0.0315655  -0.031544   -0.03152673]"
37,1172,1173,2 Nephi 24 15,2 Nephi 24.16,[-0.03152673 -0.03157213]
38,1173,1242,2 Nephi 24 16,2 Nephi 26.23,"[-0.03157213 -0.0315441  -0.03155473 -0.03151577 -0.03149778 -0.03154389
 -0.03152076 -0.03151662 -0.03153383 -0.03151851 -0.03158355 -0.03156446
 -0.03156727 -0.03156854 -0.03152531 -0.03148207 -0.03154487 -0.03155992
 -0.03153992 -0.03154555 -0.0315532  -0.03149887 -0.0315326  -0.0315539
 -0.03156708 -0.03154307 -0.03153396 -0.03156086 -0.03155169 -0.03156762
 -0.03154222 -0.03150969 -0.03155426 -0.03155527 -0.03154206 -0.0315493
 -0.03154537 -0.03156146 -0.03156011 -0.03155341 -0.03152466 -0.0314882
 -0.03153685 -0.03154154 -0.03154559 -0.03154908 -0.03154257 -0.03153063
 -0.03153857 -0.03154707 -0.03152312 -0.03153388 -0.03151468 -0.03153423
 -0.03154309 -0.03153393 -0.03157413 -0.03154314 -0.0315783  -0.03159197
 -0.03152588 -0.03154745 -0.03154493 -0.0315424  -0.03156346 -0.03152639
 -0.03156053 -0.03152772 -0.03154486 -0.03153188]"
39,1242,1303,2 Nephi 26 23,2 Nephi 28.16,"[-0.03153188 -0.03156898 -0.03157877 -0.03149797 -0.0315357  -0.03155782
 -0.03151707 -0.03153639 -0.03154257 -0.03155734 -0.03154547 -0.0315413
 -0.03151865 -0.03152833 -0.0315313  -0.03150482 -0.03153731 -0.03154329
 -0.03152877 -0.03154179 -0.03154244 -0.0315356  -0.03154704 -0.03152472
 -0.03153819 -0.03157278 -0.03154778 -0.03155969 -0.03156627 -0.0315539
 -0.03159519 -0.03152896 -0.03156358 -0.03156744 -0.03156595 -0.03150897
 -0.03153189 -0.03152214 -0.03153962 -0.03153122 -0.03153568 -0.031545
 -0.03154152 -0.03154692 -0.031545   -0.03154861 -0.03155535 -0.03152251
 -0.03151665 -0.03152123 -0.03153694 -0.03158071 -0.03151494 -0.03157266
 -0.03148193 -0.03154218 -0.03157601 -0.03154436 -0.03157104 -0.03152462
 -0.0315799  -0.03158618]"
40,1303,1304,2 Nephi 28 16,2 Nephi 28.17,[-0.03158618 -0.03158074]
41,1304,1315,2 Nephi 28 17,2 Nephi 28.28,"[-0.03158074 -0.03153488 -0.03154777 -0.03152761 -0.0315508  -0.03156204
 -0.0315407  -0.03156242 -0.03153517 -0.0314847  -0.0315212  -0.03154462]"
42,1315,1316,2 Nephi 28 28,2 Nephi 28.29,[-0.03154462 -0.03154586]
43,1316,1359,2 Nephi 28 29,2 Nephi 31.8,"[-0.03154586 -0.03157975 -0.03152865 -0.03156283 -0.03152725 -0.03155457
 -0.03154952 -0.03152122 -0.03153427 -0.03155927 -0.03157714 -0.03154674
 -0.03158144 -0.03155068 -0.03160062 -0.03153963 -0.0315339  -0.03154409
 -0.03153428 -0.03153757 -0.03157253 -0.03154455 -0.03153808 -0.03153509
 -0.03153319 -0.03154278 -0.03155564 -0.03152069 -0.03156423 -0.03154008
 -0.03155958 -0.03155794 -0.03154864 -0.03152285 -0.03156697 -0.03156681
 -0.03156691 -0.03155301 -0.03154269 -0.03154157 -0.03153539 -0.03155586
 -0.03156396 -0.0315379 ]"
44,1359,1360,2 Nephi 31 8,2 Nephi 31.9,[-0.0315379  -0.03155334]
45,1360,1361,2 Nephi 31 9,2 Nephi 31.10,[-0.03155334 -0.03159032]
46,1361,1362,2 Nephi 31 10,2 Nephi 31.11,[-0.03159032 -0.03155769]
47,1362,1389,2 Nephi 31 11,2 Nephi 33.8,"[-0.03155769 -0.03154427 -0.03154584 -0.03159777 -0.03154358 -0.03155363
 -0.03155945 -0.03156194 -0.03149845 -0.03155064 -0.03156419 -0.0315932
 -0.03158774 -0.0315742  -0.03157618 -0.03155957 -0.03155471 -0.03156926
 -0.03155097 -0.03154958 -0.03153634 -0.0315784  -0.03157302 -0.03156914
 -0.03156369 -0.03153167 -0.03151857 -0.03153693]"
48,1389,1760,2 Nephi 33 8,Mosiah 3.12,"[-0.03153693 -0.03154415 -0.03153007 -0.03154952 -0.03156361 -0.03156285
 -0.03154048 -0.03152208 -0.03156295 -0.03157815 -0.03155805 -0.03156804
 -0.03152414 -0.03153558 -0.03153663 -0.03154599 -0.0315545  -0.03153196
 -0.03155743 -0.03158514 -0.03155046 -0.03155712 -0.03152244 -0.03151042
 -0.03153575 -0.03153061 -0.03154695 -0.03157182 -0.03154452 -0.03155948
 -0.03152214 -0.03155366 -0.03149254 -0.03156131 -0.03152725 -0.03157682
 -0.03156198 -0.03154266 -0.03157735 -0.03158852 -0.03156007 -0.03154247
 -0.03153673 -0.03158253 -0.0315306  -0.0315466  -0.03156873 -0.03157991
 -0.03159306 -0.03155231 -0.03150773 -0.03152837 -0.03152023 -0.0315458
 -0.03153994 -0.0315137  -0.031527   -0.03147403 -0.03152877 -0.03152521
 -0.03153359 -0.03155493 -0.03156925 -0.03157324 -0.03154722 -0.03150741
 -0.03156768 -0.0315419  -0.03157399 -0.03156436 -0.03157317 -0.03158002
 -0.03156787 -0.03155619 -0.03155216 -0.03155606 -0.03156608 -0.03155005
 -0.03157407 -0.0315597  -0.03155546 -0.03152515 -0.03156444 -0.03156317
 -0.03154458 -0.03157485 -0.03155747 -0.03159895 -0.03155548 -0.03155649
 -0.03152743 -0.03155586 -0.03161003 -0.03155685 -0.03155333 -0.03153343
 -0.031532   -0.031521   -0.03154613 -0.03151792 -0.03157154 -0.031584
 -0.03156658 -0.03154125 -0.03156069 -0.03154672 -0.0315738  -0.03157641
 -0.0315978  -0.03153991 -0.03152886 -0.03152894 -0.03156613 -0.03154282
 -0.03154561 -0.03156279 -0.03156138 -0.03161981 -0.0315599  -0.03155208
 -0.03156207 -0.03154525 -0.03157773 -0.03155133 -0.03155603 -0.03154368
 -0.0315505  -0.03154313 -0.03155112 -0.0315504  -0.03154095 -0.03156521
 -0.03155497 -0.03151427 -0.03161583 -0.03156348 -0.03155613 -0.03155304
 -0.03153046 -0.03152605 -0.03156602 -0.03157283 -0.03158496 -0.03153579
 -0.03154072 -0.03157909 -0.03153752 -0.03155771 -0.03157046 -0.03155842
 -0.03160031 -0.03156114 -0.03155892 -0.03155445 -0.03156344 -0.03158725
 -0.03157958 -0.03152967 -0.03153169 -0.03156276 -0.03157043 -0.03154018
 -0.03159461 -0.03154454 -0.03157522 -0.0315379  -0.03152249 -0.03155743
 -0.03155746 -0.03153975 -0.03155951 -0.0315606  -0.03156643 -0.03158831
 -0.0315304  -0.03155144 -0.03151748 -0.03153986 -0.03154705 -0.03154385
 -0.03156697 -0.03156339 -0.0315639  -0.03155645 -0.03155749 -0.03154729
 -0.03154236 -0.03155206 -0.03153429 -0.03156488 -0.03153286 -0.03151245
 -0.0315996  -0.03152423 -0.03154546 -0.03155432 -0.03153627 -0.03159329
 -0.03155549 -0.03153822 -0.03154815 -0.03154615 -0.03155046 -0.03157554
 -0.03154318 -0.03153599 -0.03152746 -0.03154315 -0.03156109 -0.0315211
 -0.03158227 -0.03155779 -0.03156817 -0.03153571 -0.03152584 -0.03153887
 -0.03154663 -0.03155644 -0.03156817 -0.03153452 -0.03156879 -0.03154612
 -0.03154138 -0.03153076 -0.03154139 -0.03153606 -0.03154283 -0.03153149
 -0.03152792 -0.03153977 -0.03151868 -0.03154182 -0.03155602 -0.03156433
 -0.03154122 -0.03158422 -0.03153886 -0.03156948 -0.03157677 -0.0315688
 -0.03154947 -0.03156357 -0.03154669 -0.03153554 -0.03152682 -0.03157319
 -0.03153754 -0.03153978 -0.03156438 -0.03151958 -0.03155767 -0.03157163
 -0.03153444 -0.03153714 -0.03156007 -0.03154856 -0.03155237 -0.03153681
 -0.03154056 -0.03153934 -0.03152808 -0.03156735 -0.03156411 -0.03156019
 -0.03153563 -0.03154299 -0.03154434 -0.03156702 -0.0315587  -0.03158126
 -0.03156178 -0.03153989 -0.03155254 -0.03154443 -0.03156396 -0.0315465
 -0.03156061 -0.03155613 -0.03155243 -0.03155517 -0.03154302 -0.03156256
 -0.03158381 -0.03158772 -0.03155115 -0.03157562 -0.03152688 -0.03157926
 -0.03152988 -0.0315581  -0.03153197 -0.03155972 -0.03157476 -0.03156741
 -0.0315527  -0.03153636 -0.03153693 -0.03157355 -0.0315726  -0.03152725
 -0.03154843 -0.03157251 -0.0315863  -0.03160889 -0.03156397 -0.03156396
 -0.03157234 -0.03155947 -0.03155815 -0.03156632 -0.03156289 -0.03156445
 -0.03154651 -0.03156475 -0.0315753  -0.0315735  -0.0315644  -0.03156377
 -0.03158403 -0.03156701 -0.03157749 -0.03158937 -0.03159549 -0.03156424
 -0.03155221 -0.03155349 -0.03156297 -0.03158854 -0.03156249 -0.03155158
 -0.03161533 -0.03156957 -0.0315446  -0.03154669 -0.03157018 -0.03153839
 -0.03156312 -0.03158665 -0.03159798 -0.03153909 -0.03156739 -0.03153402
 -0.03156087 -0.03158119 -0.03155949 -0.03155315 -0.03158932 -0.03157561
 -0.03153721 -0.03157814 -0.03153125 -0.0315129  -0.0315644  -0.03154419
 -0.03153864 -0.03155573 -0.031563   -0.031569   -0.03159787 -0.03159074
 -0.03157526 -0.03152945 -0.03154392 -0.03158447 -0.03158205 -0.03153518
 -0.031551   -0.0315632  -0.03153218 -0.03153696 -0.03154421 -0.03153298]"
49,1760,1761,Mosiah 3 12,Mosiah 3.13,[-0.03153298 -0.03157251]
50,1761,1762,Mosiah 3 13,Mosiah 3.14,[-0.03157251 -0.03154793]
51,1762,1797,Mosiah 3 14,Mosiah 4.22,"[-0.03154793 -0.03154921 -0.03155136 -0.03156472 -0.03155413 -0.03153971
 -0.03154892 -0.0315224  -0.03153975 -0.03153967 -0.03153213 -0.03156175
 -0.03155492 -0.03152172 -0.031572   -0.03155785 -0.03155685 -0.03155263
 -0.0315639  -0.03156452 -0.03156419 -0.03154825 -0.0316016  -0.03156076
 -0.03155722 -0.03154928 -0.03157315 -0.03155218 -0.03153866 -0.03157054
 -0.03155174 -0.03155391 -0.03157293 -0.03152884 -0.03160172 -0.03159917]"
52,1797,1798,Mosiah 4 22,Mosiah 4.23,[-0.03159917 -0.03159537]
53,1798,1866,Mosiah 4 23,Mosiah 8.6,"[-0.03159537 -0.03157733 -0.03153579 -0.03156492 -0.03159782 -0.03157457
 -0.03148688 -0.03159105 -0.03158015 -0.03154498 -0.03155863 -0.03155037
 -0.03156279 -0.03156691 -0.03153551 -0.03155365 -0.03155979 -0.03155506
 -0.0315743  -0.03155926 -0.03158135 -0.03155306 -0.03156591 -0.03160559
 -0.0315333  -0.03158463 -0.03155706 -0.03157635 -0.03153764 -0.03156999
 -0.03157307 -0.03154506 -0.03153507 -0.03158704 -0.03155506 -0.03156564
 -0.03154377 -0.0315786  -0.03155676 -0.03156431 -0.03158133 -0.03157228
 -0.03156194 -0.03156399 -0.03155628 -0.03157204 -0.03155752 -0.0315755
 -0.03157605 -0.03152044 -0.03154939 -0.03155349 -0.0315753  -0.03154533
 -0.03154003 -0.03152065 -0.03153511 -0.03156401 -0.03153883 -0.03157143
 -0.03155524 -0.03151236 -0.03155042 -0.03155853 -0.03158603 -0.03154625
 -0.03155116 -0.03158175 -0.03156469]"
54,1866,1867,Mosiah 8 6,Mosiah 8.7,[-0.03156469 -0.03141065]
55,1867,2027,Mosiah 8 7,Mosiah 14.4,"[-0.03141065 -0.03154606 -0.0315556  -0.03155328 -0.03153    -0.03159149
 -0.03153313 -0.03154752 -0.03154264 -0.03153116 -0.03156913 -0.03153815
 -0.03159478 -0.0315939  -0.03156649 -0.03154731 -0.03153705 -0.03155296
 -0.03154291 -0.03152502 -0.03153203 -0.03153377 -0.0315036  -0.03146939
 -0.03155313 -0.03154086 -0.03155498 -0.03154388 -0.03159524 -0.03152993
 -0.03153753 -0.03151406 -0.03154092 -0.03155961 -0.03153828 -0.03155269
 -0.03151536 -0.03156699 -0.03153964 -0.03157325 -0.03155397 -0.03155408
 -0.03156127 -0.03156747 -0.03154397 -0.03152786 -0.03155653 -0.03151243
 -0.0315858  -0.03157328 -0.0315773  -0.03155181 -0.03157356 -0.03155223
 -0.03157422 -0.0315691  -0.03153349 -0.03155457 -0.03158402 -0.03155525
 -0.03155291 -0.03150051 -0.03149826 -0.03156736 -0.0315593  -0.03155285
 -0.03156966 -0.03153275 -0.03154877 -0.03154623 -0.03157165 -0.03155713
 -0.03156146 -0.03155876 -0.03155525 -0.03155988 -0.03151007 -0.03152643
 -0.03152183 -0.03149116 -0.03154475 -0.03156123 -0.03157249 -0.03156343
 -0.03155372 -0.03158088 -0.03155732 -0.03153002 -0.03153407 -0.03148886
 -0.03152812 -0.0315487  -0.03155692 -0.03158419 -0.0315161  -0.03154222
 -0.03155037 -0.03152045 -0.03153248 -0.03154743 -0.03157529 -0.03155775
 -0.03154291 -0.03157313 -0.03157981 -0.03155219 -0.03152808 -0.03151633
 -0.03154877 -0.03154941 -0.03155399 -0.03153954 -0.03152876 -0.03159609
 -0.03152687 -0.03153359 -0.03150052 -0.03157999 -0.03153741 -0.0315138
 -0.03157066 -0.03158246 -0.0315483  -0.03153508 -0.03154017 -0.03154373
 -0.03151962 -0.03152492 -0.03151268 -0.03150907 -0.03155884 -0.03154609
 -0.03157246 -0.0315798  -0.03154938 -0.03154483 -0.03153147 -0.03154796
 -0.03157831 -0.03153091 -0.03155104 -0.03154422 -0.03153995 -0.03155107
 -0.03154163 -0.03158151 -0.03161368 -0.03148264 -0.03157839 -0.03157564
 -0.03157596 -0.03155183 -0.03154211 -0.03150987 -0.03155303 -0.03157246
 -0.0315537  -0.03148317 -0.03155987 -0.03153455 -0.03152513]"
56,2027,2112,Mosiah 14 4,Mosiah 18.11,"[-0.03152513 -0.03153626 -0.03151574 -0.03153258 -0.03152207 -0.03153301
 -0.03151634 -0.03153707 -0.03153925 -0.03156312 -0.0315379  -0.03152288
 -0.03154336 -0.03155282 -0.03153425 -0.03150424 -0.03151001 -0.03158019
 -0.0315359  -0.03155859 -0.03154318 -0.03153706 -0.03157567 -0.03154929
 -0.03156178 -0.03154821 -0.0315536  -0.03154451 -0.031532   -0.03152751
 -0.03155446 -0.03152448 -0.03156299 -0.03151395 -0.03156855 -0.03153151
 -0.03154931 -0.03149379 -0.031517   -0.0315312  -0.03158308 -0.03154539
 -0.03155305 -0.03152864 -0.03153462 -0.03155302 -0.03153618 -0.03151752
 -0.03152747 -0.03152921 -0.03157737 -0.03156482 -0.0315419  -0.03151326
 -0.03154484 -0.03154182 -0.03157134 -0.0315339  -0.03153823 -0.0315432
 -0.0315436  -0.03154914 -0.03152234 -0.03158025 -0.03148894 -0.03152737
 -0.03155832 -0.03155006 -0.03154847 -0.0315693  -0.03151814 -0.03148415
 -0.03152388 -0.03156572 -0.03151791 -0.03157068 -0.03149859 -0.03154574
 -0.03154106 -0.03153399 -0.03156384 -0.03150952 -0.0315502  -0.03150795
 -0.03160817 -0.03153196]"
57,2112,2121,Mosiah 18 11,Mosiah 18.20,"[-0.03153196 -0.0314645  -0.03150591 -0.03156963 -0.03155664 -0.03153162
 -0.03153793 -0.03157165 -0.03153387 -0.03151075]"
58,2121,2138,Mosiah 18 20,Mosiah 19.2,"[-0.03151075 -0.03155334 -0.03158698 -0.03155604 -0.03154806 -0.03154628
 -0.03154658 -0.03157532 -0.03151466 -0.0315447  -0.03155421 -0.03153957
 -0.03154204 -0.03155209 -0.03154588 -0.03154562 -0.03154675 -0.03153842]"
59,2138,2139,Mosiah 19 2,Mosiah 19.3,[-0.03153842 -0.03155169]
60,2139,2194,Mosiah 19 3,Mosiah 21.3,"[-0.03155169 -0.03153907 -0.03153959 -0.03151978 -0.03154017 -0.03156159
 -0.03155002 -0.03156686 -0.03154029 -0.03155642 -0.03154192 -0.03157543
 -0.03155581 -0.03155831 -0.03157473 -0.03151637 -0.03157212 -0.03149717
 -0.03153827 -0.0315574  -0.03153196 -0.03155917 -0.03154998 -0.03153752
 -0.03155696 -0.03154984 -0.03155452 -0.03157238 -0.0315624  -0.03150269
 -0.03157039 -0.03153752 -0.03158243 -0.03151303 -0.03156895 -0.03152269
 -0.03154716 -0.03152864 -0.03154143 -0.03156272 -0.03155724 -0.0315588
 -0.03155216 -0.03153243 -0.03153921 -0.03157588 -0.0315253  -0.03156284
 -0.03156667 -0.03155807 -0.0315377  -0.03155835 -0.03156594 -0.03152936
 -0.03154136 -0.03154453]"
61,2194,2212,Mosiah 21 3,Mosiah 21.21,"[-0.03154453 -0.03149354 -0.03156727 -0.03154714 -0.03157249 -0.03151368
 -0.03155831 -0.0315722  -0.03155974 -0.03149955 -0.03155491 -0.03152499
 -0.0315729  -0.03155127 -0.03154754 -0.03157208 -0.0315735  -0.03154454
 -0.0315246 ]"
62,2212,2213,Mosiah 21 21,Mosiah 21.22,[-0.0315246  -0.03148502]
63,2213,2323,Mosiah 21 22,Mosiah 25.16,"[-0.03148502 -0.03156363 -0.0315612  -0.03155291 -0.03154953 -0.03157538
 -0.03153729 -0.03155387 -0.03154897 -0.03151053 -0.03156477 -0.03155576
 -0.03153581 -0.03157383 -0.03158389 -0.0315379  -0.03156326 -0.03156411
 -0.03158904 -0.03155672 -0.03157686 -0.03156077 -0.03156145 -0.03154054
 -0.03156607 -0.03154451 -0.03156818 -0.03157924 -0.03154266 -0.03158699
 -0.03158073 -0.03156599 -0.03152194 -0.03156008 -0.03153914 -0.03154817
 -0.03153821 -0.03155947 -0.03157182 -0.03154861 -0.03156913 -0.03157509
 -0.031545   -0.03153366 -0.03156002 -0.03153582 -0.03155375 -0.03155165
 -0.03153746 -0.03151027 -0.03154306 -0.03153368 -0.03154534 -0.03153115
 -0.031531   -0.03154087 -0.0315498  -0.03153189 -0.03155874 -0.03153674
 -0.03153891 -0.03153827 -0.03157081 -0.03156705 -0.03157383 -0.03154152
 -0.03158257 -0.03151759 -0.03154245 -0.03156971 -0.03155683 -0.03156731
 -0.03156469 -0.03153434 -0.03155171 -0.03157928 -0.03152078 -0.03153189
 -0.0315542  -0.03157041 -0.031573   -0.03152675 -0.03156126 -0.03154029
 -0.03153587 -0.03153975 -0.03152811 -0.03151177 -0.03146229 -0.03155777
 -0.03151883 -0.03149919 -0.03154431 -0.03157268 -0.03156298 -0.03155669
 -0.03156932 -0.03155459 -0.03153703 -0.03153455 -0.03157676 -0.03156378
 -0.03153544 -0.03156128 -0.03156172 -0.0315588  -0.03156221 -0.03154503
 -0.03157223 -0.03151977 -0.03158744]"
64,2323,2324,Mosiah 25 16,Mosiah 25.17,[-0.03158744 -0.03148821]
65,2324,2485,Mosiah 25 17,Alma 1.11,"[-0.03148821 -0.03154778 -0.03153578 -0.03154396 -0.03152542 -0.0315366
 -0.03153989 -0.03152978 -0.03155799 -0.03152465 -0.03152494 -0.03152037
 -0.03153596 -0.03156461 -0.03151673 -0.03156697 -0.03154934 -0.03154909
 -0.03158534 -0.03153595 -0.03152311 -0.03156431 -0.03157301 -0.03153404
 -0.03151525 -0.03151242 -0.03151246 -0.03155187 -0.03152824 -0.03153404
 -0.03157304 -0.03152349 -0.03154911 -0.03151854 -0.03155402 -0.03154037
 -0.03156662 -0.03150143 -0.03157436 -0.03155947 -0.03154151 -0.0315427
 -0.031553   -0.0315258  -0.03154819 -0.03153796 -0.03155598 -0.03156355
 -0.03155638 -0.03156362 -0.03155908 -0.03151621 -0.03155951 -0.03154353
 -0.03155385 -0.03154386 -0.03151439 -0.03156084 -0.0315357  -0.03153359
 -0.03156033 -0.03154586 -0.0315525  -0.03153754 -0.03153725 -0.03153094
 -0.03155648 -0.03153101 -0.03154352 -0.03156396 -0.03153395 -0.03154923
 -0.03154774 -0.03155136 -0.03158895 -0.03154644 -0.03154903 -0.0315259
 -0.03155478 -0.03156246 -0.03156091 -0.03156429 -0.03148977 -0.03157312
 -0.0315384  -0.03155495 -0.03155348 -0.03156041 -0.03152865 -0.03153935
 -0.03153921 -0.03155655 -0.03160007 -0.03156497 -0.03157535 -0.03155453
 -0.03155792 -0.03156076 -0.03158056 -0.03155872 -0.03155679 -0.03156154
 -0.03155423 -0.03155511 -0.03160875 -0.03154848 -0.03155891 -0.03152144
 -0.03155769 -0.03155815 -0.03156116 -0.03158428 -0.03153916 -0.03155634
 -0.03153595 -0.03155079 -0.03155066 -0.03160198 -0.03157963 -0.03153616
 -0.03154301 -0.03156277 -0.03155133 -0.03154201 -0.03159404 -0.03155512
 -0.03152157 -0.03156669 -0.03155662 -0.03152921 -0.03152514 -0.03154553
 -0.031547   -0.03153781 -0.03157356 -0.03157617 -0.03154254 -0.03156765
 -0.03158093 -0.03154216 -0.03155164 -0.03152082 -0.03156224 -0.03155006
 -0.0315603  -0.03157786 -0.0315599  -0.03153776 -0.03156036 -0.0315656
 -0.03154719 -0.0315634  -0.03157343 -0.03153678 -0.03157334 -0.03155726
 -0.03155797 -0.03157345 -0.03156897 -0.03152912 -0.03153595 -0.03154966]"
66,2485,2609,Alma 1 11,Alma 5.17,"[-0.03154966 -0.03151837 -0.03153762 -0.03150841 -0.03155032 -0.03154028
 -0.03155511 -0.03150942 -0.03153551 -0.0315065  -0.03156452 -0.03155403
 -0.03153809 -0.03154755 -0.03155728 -0.03156671 -0.03158063 -0.03154553
 -0.03156946 -0.03156537 -0.0315601  -0.03156033 -0.031513   -0.03152422
 -0.0315656  -0.03157756 -0.03153962 -0.03155279 -0.03153445 -0.03155208
 -0.03155525 -0.03156404 -0.03156378 -0.03156409 -0.03153941 -0.03154615
 -0.03154222 -0.0315364  -0.03157589 -0.03153236 -0.03150863 -0.03154225
 -0.03156707 -0.03153381 -0.03150182 -0.03158705 -0.03156337 -0.03155381
 -0.03154756 -0.03155506 -0.03154482 -0.03155561 -0.03154991 -0.03154782
 -0.03153316 -0.03153003 -0.03155884 -0.0315513  -0.03152878 -0.03153294
 -0.0315585  -0.03156017 -0.03156946 -0.03154595 -0.03155011 -0.03155471
 -0.03156917 -0.03150489 -0.03155258 -0.03154699 -0.03154596 -0.03152421
 -0.03158348 -0.03159731 -0.03156377 -0.03153449 -0.03153651 -0.03154005
 -0.03156774 -0.03159358 -0.03154813 -0.03157966 -0.03154464 -0.03155635
 -0.0315571  -0.03152972 -0.03157418 -0.03156653 -0.03159806 -0.03154986
 -0.031567   -0.03150811 -0.03155766 -0.0315896  -0.03155833 -0.03155334
 -0.03149623 -0.03156331 -0.0315771  -0.03157136 -0.03156778 -0.03155515
 -0.03155404 -0.03156405 -0.03147065 -0.03152976 -0.0315624  -0.03154923
 -0.03154106 -0.03160025 -0.03155625 -0.03152543 -0.03153044 -0.03156633
 -0.03155518 -0.03157374 -0.03158072 -0.03161416 -0.03155331 -0.03152578
 -0.03156801 -0.03158478 -0.03157811 -0.03159918 -0.03154953]"
67,2609,2610,Alma 5 17,Alma 5.18,[-0.03154953 -0.0315384 ]
68,2610,2622,Alma 5 18,Alma 5.30,"[-0.0315384  -0.03157045 -0.03155893 -0.03157328 -0.03158295 -0.03153033
 -0.03155714 -0.03152083 -0.03159167 -0.03157439 -0.03155696 -0.03156907
 -0.03161453]"
69,2622,2623,Alma 5 30,Alma 5.31,[-0.03161453 -0.03156871]
70,2623,2715,Alma 5 31,Alma 8.26,"[-0.03156871 -0.03146127 -0.03158897 -0.03149861 -0.0314726  -0.03154585
 -0.03156355 -0.03153455 -0.03155748 -0.03155063 -0.03154796 -0.03155538
 -0.03155525 -0.03153201 -0.0315572  -0.03154254 -0.03155557 -0.03156941
 -0.0315771  -0.03153539 -0.0315284  -0.03156076 -0.03160291 -0.0315087
 -0.03152717 -0.03157394 -0.0315505  -0.03156424 -0.03159863 -0.03156125
 -0.03154715 -0.03156132 -0.03154801 -0.03152129 -0.03157011 -0.03156127
 -0.0315403  -0.03154883 -0.03155241 -0.0315562  -0.03156761 -0.03155247
 -0.03156737 -0.03155053 -0.03156783 -0.03157134 -0.031545   -0.03156023
 -0.03155295 -0.03154186 -0.03151789 -0.03154345 -0.03154938 -0.03154971
 -0.03154052 -0.03155345 -0.0315522  -0.03150814 -0.03151003 -0.03157248
 -0.0315459  -0.03155686 -0.0315627  -0.0315219  -0.03154177 -0.03156723
 -0.03158776 -0.03156511 -0.03156135 -0.03156125 -0.03153122 -0.03151222
 -0.03154157 -0.03155821 -0.03155667 -0.0315286  -0.03154071 -0.031545
 -0.03151947 -0.03155335 -0.03158411 -0.03155432 -0.03152924 -0.03153328
 -0.03156709 -0.03158188 -0.03155094 -0.03153493 -0.03152794 -0.03154211
 -0.03153218 -0.03149771 -0.03153577]"
71,2715,2865,Alma 8 26,Alma 12.32,"[-0.03153577 -0.0315377  -0.03152866 -0.03152386 -0.03152845 -0.03158445
 -0.03153343 -0.03154189 -0.03155733 -0.03152204 -0.03149413 -0.03154339
 -0.0315724  -0.03152687 -0.03152894 -0.03154893 -0.03160356 -0.0315735
 -0.03155389 -0.03155792 -0.03158077 -0.03158272 -0.03157039 -0.03152035
 -0.03156836 -0.03154911 -0.03158008 -0.03157572 -0.03154972 -0.03157111
 -0.03155119 -0.03154508 -0.03158067 -0.03152613 -0.03157429 -0.03152103
 -0.03154976 -0.03156229 -0.0315411  -0.03154466 -0.03155253 -0.03155307
 -0.03154631 -0.03153368 -0.03153229 -0.03156563 -0.03154244 -0.03153541
 -0.03154971 -0.03153424 -0.03155704 -0.03151296 -0.03155556 -0.03157818
 -0.03156088 -0.03160034 -0.03157291 -0.03157427 -0.03151503 -0.03156959
 -0.03156717 -0.03153773 -0.03157157 -0.03154151 -0.03157605 -0.03155821
 -0.03153882 -0.03154372 -0.03157889 -0.03154163 -0.03158732 -0.03158589
 -0.03157908 -0.03159899 -0.03157231 -0.03155307 -0.03155324 -0.03155116
 -0.03156053 -0.03155726 -0.03157017 -0.03157236 -0.03154814 -0.03154657
 -0.03156376 -0.03156037 -0.03157247 -0.03153932 -0.03155962 -0.03149683
 -0.03157817 -0.03156515 -0.03150529 -0.03156524 -0.0315759  -0.03156962
 -0.03154846 -0.03154067 -0.03153863 -0.03157065 -0.03157481 -0.03158741
 -0.03153568 -0.03157012 -0.0315674  -0.03154287 -0.03155674 -0.0315198
 -0.03153303 -0.03156981 -0.03152555 -0.03154791 -0.03153623 -0.03155552
 -0.03154087 -0.03155892 -0.03156672 -0.03155116 -0.03154341 -0.03157701
 -0.03155649 -0.03155268 -0.03153493 -0.03156145 -0.0315463  -0.03152555
 -0.03150292 -0.03157996 -0.03156236 -0.03155253 -0.031527   -0.03152107
 -0.03154699 -0.03154947 -0.0315593  -0.03156715 -0.03153863 -0.03154628
 -0.03155815 -0.03157085 -0.03153657 -0.03153229 -0.03155331 -0.03154994
 -0.03156708 -0.03153871 -0.03157003 -0.0315387  -0.03153669 -0.03153548
 -0.03156167]"
72,2865,2903,Alma 12 32,Alma 14.2,"[-0.03156167 -0.03157664 -0.03157181 -0.03155552 -0.03155632 -0.0315579
 -0.03155627 -0.03155895 -0.03154803 -0.03155942 -0.0315425  -0.03150785
 -0.03156522 -0.03153883 -0.03155262 -0.03156619 -0.03153366 -0.03157663
 -0.03158367 -0.03155111 -0.03158052 -0.03155356 -0.03154705 -0.03156541
 -0.03160626 -0.03154645 -0.03155466 -0.03151039 -0.03154425 -0.0315162
 -0.03156548 -0.03156955 -0.03155448 -0.03154721 -0.03157389 -0.0315211
 -0.03152586 -0.03152273 -0.03156239]"
73,2903,2904,Alma 14 2,Alma 14.3,[-0.03156239 -0.03151722]
74,2904,3036,Alma 14 3,Alma 18.27,"[-0.03151722 -0.03154448 -0.03155332 -0.03158987 -0.03154914 -0.03154282
 -0.03153286 -0.0315486  -0.03155388 -0.03153108 -0.03156503 -0.03157882
 -0.03156615 -0.03154634 -0.03155068 -0.03156154 -0.03156498 -0.03154596
 -0.03154464 -0.03153587 -0.03158176 -0.03157921 -0.03152647 -0.03156524
 -0.03153735 -0.03155262 -0.03155922 -0.03155782 -0.03153426 -0.03156224
 -0.03154461 -0.03157239 -0.03155073 -0.03151091 -0.03151543 -0.03154031
 -0.03153771 -0.03153578 -0.03154125 -0.0315397  -0.03153137 -0.03155932
 -0.03155776 -0.03152074 -0.03153319 -0.03156782 -0.03158443 -0.03150976
 -0.03155012 -0.03156591 -0.03153879 -0.0315597  -0.03155039 -0.0315484
 -0.03155752 -0.03154369 -0.03152324 -0.03154336 -0.03155589 -0.03152938
 -0.03154933 -0.03154629 -0.0315128  -0.03153545 -0.03151329 -0.03152161
 -0.03156039 -0.03157593 -0.03155099 -0.03156152 -0.03155111 -0.03158726
 -0.03157628 -0.03155839 -0.03154302 -0.03155735 -0.03153938 -0.03157448
 -0.03155859 -0.03158613 -0.03153769 -0.0315355  -0.03153985 -0.03153764
 -0.03159253 -0.03154251 -0.03157447 -0.03153234 -0.03153225 -0.03151759
 -0.03155956 -0.03155077 -0.03154679 -0.03154476 -0.03153841 -0.0315545
 -0.03159081 -0.03156071 -0.03154855 -0.03150633 -0.03153856 -0.03155153
 -0.03154928 -0.03154833 -0.03154649 -0.03154893 -0.03154055 -0.03156814
 -0.03155906 -0.03155779 -0.03155721 -0.03152872 -0.0315534  -0.03156936
 -0.03156344 -0.03156823 -0.03152815 -0.03155183 -0.03156306 -0.03156864
 -0.03154895 -0.03157153 -0.03158132 -0.03155653 -0.03154115 -0.03158647
 -0.03155111 -0.03155771 -0.0315646  -0.03158104 -0.03156926 -0.03161367
 -0.03157912]"
75,3036,3037,Alma 18 27,Alma 18.28,[-0.03157912 -0.03152254]
76,3037,3049,Alma 18 28,Alma 18.40,"[-0.03152254 -0.03156875 -0.03155373 -0.03155689 -0.03152662 -0.03152199
 -0.03156577 -0.03151551 -0.03154982 -0.03157504 -0.03155908 -0.03155762
 -0.03156099]"
77,3049,3050,Alma 18 40,Alma 18.41,[-0.03156099 -0.03158683]
78,3050,3125,Alma 18 41,Alma 21.7,"[-0.03158683 -0.03153274 -0.03154004 -0.03160175 -0.03154148 -0.03153748
 -0.03155645 -0.03155432 -0.03154454 -0.03155613 -0.03155097 -0.03158573
 -0.0315711  -0.03157863 -0.03153669 -0.03157075 -0.03156566 -0.03154606
 -0.03151908 -0.03155931 -0.03153761 -0.03155146 -0.03155857 -0.03154669
 -0.03154125 -0.03153473 -0.03156536 -0.03154466 -0.03157594 -0.03156371
 -0.03157675 -0.03154653 -0.03153669 -0.03152923 -0.0315632  -0.03155955
 -0.03151174 -0.03155161 -0.03154336 -0.03153731 -0.0315739  -0.03155048
 -0.03156714 -0.03159292 -0.03154763 -0.03154729 -0.03159992 -0.03156174
 -0.031581   -0.03155463 -0.03157569 -0.03154664 -0.03153326 -0.03153875
 -0.03154923 -0.03156498 -0.03155794 -0.03155577 -0.03153781 -0.03156529
 -0.03158379 -0.03158908 -0.0315391  -0.03155614 -0.03154548 -0.03156119
 -0.03153886 -0.03157281 -0.0315472  -0.03154304 -0.03156871 -0.03155365
 -0.0315431  -0.0315779  -0.03155584 -0.03155372]"
79,3125,3323,Alma 21 7,Alma 29.2,"[-0.03155372 -0.03150283 -0.03152884 -0.03151222 -0.0315371  -0.03150216
 -0.03153333 -0.03152569 -0.03155168 -0.03154807 -0.03151885 -0.03154847
 -0.03155161 -0.03154842 -0.0315696  -0.0315446  -0.03150779 -0.03154437
 -0.03157065 -0.03156673 -0.03152911 -0.03158361 -0.03157673 -0.03158377
 -0.03154881 -0.03153402 -0.03154543 -0.03152158 -0.03155285 -0.03154408
 -0.03154335 -0.03153909 -0.03155144 -0.03154048 -0.03157821 -0.03153769
 -0.03157171 -0.03156109 -0.03155923 -0.03156029 -0.0315487  -0.03151047
 -0.03154698 -0.03153109 -0.0315424  -0.03154812 -0.03155619 -0.03154853
 -0.03155497 -0.03154522 -0.03154824 -0.03158785 -0.03156881 -0.03155848
 -0.03153929 -0.03155361 -0.0315289  -0.03154557 -0.03152254 -0.03154327
 -0.03155374 -0.03156419 -0.03154954 -0.03145182 -0.0315748  -0.03154504
 -0.03157155 -0.03156665 -0.0314993  -0.0315137  -0.03154109 -0.03153704
 -0.03156956 -0.03153568 -0.03156732 -0.03150605 -0.03154954 -0.03159083
 -0.03156968 -0.03154143 -0.0315553  -0.03155894 -0.0315731  -0.03155913
 -0.0315538  -0.03153814 -0.03155788 -0.03157295 -0.03155707 -0.03155786
 -0.03153517 -0.03152758 -0.03155406 -0.03154871 -0.03152789 -0.03154167
 -0.03156925 -0.03156598 -0.03156903 -0.03152334 -0.03152821 -0.03153966
 -0.03153561 -0.03152499 -0.03156058 -0.03151015 -0.03153894 -0.03153593
 -0.03154185 -0.03158749 -0.03155772 -0.03155346 -0.03152824 -0.03153628
 -0.03154081 -0.03157576 -0.03159904 -0.03157112 -0.03156551 -0.03154226
 -0.03155264 -0.03153521 -0.03152257 -0.03155469 -0.03152562 -0.03153636
 -0.03154708 -0.0315646  -0.03157924 -0.03153309 -0.03156689 -0.03156908
 -0.03156481 -0.03150108 -0.03157448 -0.03156042 -0.03158333 -0.03154307
 -0.03160635 -0.03156694 -0.03154331 -0.03156743 -0.03155522 -0.03153423
 -0.03154954 -0.0315761  -0.03157618 -0.03155668 -0.03154711 -0.0315455
 -0.03152308 -0.03155024 -0.03156151 -0.03157275 -0.03154887 -0.03153869
 -0.03156789 -0.03153096 -0.0315259  -0.03155079 -0.0315408  -0.03155355
 -0.03155371 -0.03156614 -0.0315505  -0.03155114 -0.03150005 -0.03155715
 -0.03158329 -0.03151462 -0.03155816 -0.03155642 -0.03155962 -0.03152438
 -0.03153981 -0.03156281 -0.03156309 -0.03153236 -0.03156245 -0.03152395
 -0.03155785 -0.031549   -0.03154765 -0.03154434 -0.0315363  -0.03152643
 -0.03152065 -0.03150554 -0.03153076 -0.03157681 -0.03158754 -0.03156753
 -0.03148636 -0.03150352 -0.03156904 -0.03156149 -0.03153954 -0.03155191
 -0.03149672]"
80,3323,3345,Alma 29 2,Alma 30.7,"[-0.03149672 -0.03156266 -0.03156026 -0.03149894 -0.03157585 -0.03156472
 -0.03156858 -0.03157652 -0.0315718  -0.03149919 -0.03149622 -0.03149905
 -0.03154801 -0.03155529 -0.03156792 -0.03158781 -0.03150196 -0.03154637
 -0.03147209 -0.03154209 -0.03155773 -0.03155557 -0.03160169]"
81,3345,3374,Alma 30 7,Alma 30.36,"[-0.03160169 -0.03153434 -0.03154505 -0.03149957 -0.0315555  -0.03157693
 -0.03158843 -0.0315164  -0.03153398 -0.03155703 -0.0315865  -0.03151622
 -0.03156019 -0.03153835 -0.03153678 -0.03158422 -0.03156657 -0.03156798
 -0.03152906 -0.03153653 -0.03158965 -0.03157853 -0.031559   -0.03152081
 -0.03153298 -0.03154632 -0.03156627 -0.03158473 -0.03156146 -0.03152678]"
82,3374,3375,Alma 30 36,Alma 30.37,[-0.03152678 -0.03156853]
83,3375,3467,Alma 30 37,Alma 32.31,"[-0.03156853 -0.03153919 -0.03155292 -0.03158121 -0.03154207 -0.03154225
 -0.03153222 -0.03158088 -0.03152866 -0.0315286  -0.03153813 -0.03157646
 -0.03153595 -0.03152439 -0.03157115 -0.03154449 -0.03152463 -0.03155693
 -0.03152134 -0.03155192 -0.03153036 -0.03153049 -0.03154259 -0.03155721
 -0.03158167 -0.03152598 -0.0315485  -0.0315636  -0.03153109 -0.031555
 -0.03156143 -0.03154519 -0.03152333 -0.03154864 -0.03153378 -0.03155703
 -0.03146873 -0.03157134 -0.0315485  -0.03155346 -0.03156954 -0.03157398
 -0.03156037 -0.03152991 -0.03153386 -0.03156006 -0.03157946 -0.03154641
 -0.03148999 -0.0316093  -0.03158844 -0.03155967 -0.03150998 -0.03157084
 -0.03155274 -0.03156818 -0.03157513 -0.03155399 -0.03154284 -0.03157725
 -0.03155207 -0.03153343 -0.03152884 -0.03152831 -0.03152908 -0.03155863
 -0.03156918 -0.03153679 -0.03158897 -0.03154197 -0.03156036 -0.03154866
 -0.03155659 -0.03155851 -0.0315579  -0.03158351 -0.03153988 -0.0315652
 -0.03150825 -0.03151012 -0.03156921 -0.03156812 -0.031553   -0.0315761
 -0.0315605  -0.03152849 -0.03159085 -0.03155376 -0.03158174 -0.03152796
 -0.0315436  -0.03153249 -0.03147943]"
84,3467,3584,Alma 32 31,Alma 36.25,"[-0.03147943 -0.03153849 -0.03155083 -0.03154044 -0.03152275 -0.03151035
 -0.03155806 -0.03154153 -0.03154575 -0.03151426 -0.03155273 -0.03156995
 -0.0315525  -0.0315568  -0.03157032 -0.03154774 -0.03153952 -0.03150597
 -0.03152764 -0.03152812 -0.03151109 -0.03151461 -0.03154929 -0.03155312
 -0.03152859 -0.03152613 -0.0315588  -0.0315427  -0.03155986 -0.03153887
 -0.03154373 -0.03156093 -0.0315814  -0.03157232 -0.03155352 -0.0315643
 -0.03155524 -0.03156122 -0.03155723 -0.03153676 -0.03154957 -0.03150721
 -0.0315388  -0.03155015 -0.03156115 -0.03156931 -0.0315646  -0.03155964
 -0.03154668 -0.03154707 -0.03155857 -0.03157295 -0.03153266 -0.03148364
 -0.03149764 -0.03156424 -0.0315563  -0.03150133 -0.03152692 -0.03154629
 -0.03157533 -0.03156535 -0.03151421 -0.0315572  -0.0315547  -0.03155501
 -0.03153046 -0.03149835 -0.03157176 -0.03155347 -0.03152746 -0.03155038
 -0.03155933 -0.03158129 -0.03154751 -0.03158476 -0.03158934 -0.03155956
 -0.03147796 -0.03154927 -0.0315309  -0.03154549 -0.03155959 -0.03152051
 -0.03156043 -0.03155    -0.03154716 -0.03155463 -0.03156763 -0.0315443
 -0.03156429 -0.03154253 -0.03156026 -0.03154896 -0.03155218 -0.03161314
 -0.0315501  -0.03154162 -0.03151546 -0.03151034 -0.03153415 -0.0315422
 -0.03155166 -0.03153281 -0.03154234 -0.03153861 -0.03149887 -0.03155325
 -0.03153883 -0.0315674  -0.03154281 -0.03154845 -0.0315405  -0.03159017
 -0.03150747 -0.03152308 -0.03153948 -0.03147998]"
85,3584,3600,Alma 36 25,Alma 37.11,"[-0.03147998 -0.03158744 -0.03153751 -0.03156922 -0.03155865 -0.03155863
 -0.03156225 -0.0315489  -0.0315535  -0.03158309 -0.03154521 -0.03155628
 -0.03154354 -0.03150921 -0.0315807  -0.03155682 -0.03152954]"
86,3600,3665,Alma 37 11,Alma 39.14,"[-0.03152954 -0.03158861 -0.03157539 -0.03157801 -0.03152826 -0.03156249
 -0.03153929 -0.03153772 -0.03155607 -0.03157034 -0.03155418 -0.03153761
 -0.03153684 -0.03153604 -0.03156524 -0.0315211  -0.03158838 -0.03155395
 -0.0315618  -0.03153893 -0.03145516 -0.03157059 -0.03155248 -0.03157713
 -0.0315442  -0.03150849 -0.03156642 -0.03154785 -0.03153752 -0.03155012
 -0.03154818 -0.03156986 -0.03156058 -0.03157585 -0.0315693  -0.03155429
 -0.0315602  -0.03153042 -0.03157278 -0.03156823 -0.03154057 -0.03158413
 -0.0315701  -0.03151065 -0.03153137 -0.0315674  -0.03156004 -0.03157773
 -0.03158786 -0.03153944 -0.03158209 -0.03159227 -0.03157896 -0.03154982
 -0.03154179 -0.03152168 -0.03155045 -0.03154716 -0.03158899 -0.03153701
 -0.03156365 -0.0315529  -0.03157466 -0.03155664 -0.03154364 -0.03155973]"
87,3665,3674,Alma 39 14,Alma 40.4,"[-0.03155973 -0.03159003 -0.03156036 -0.03158924 -0.03159109 -0.03159384
 -0.03154516 -0.03158342 -0.03157396 -0.0315711 ]"
88,3674,3675,Alma 40 4,Alma 40.5,[-0.0315711  -0.03144716]
89,3675,3703,Alma 40 5,Alma 41.7,"[-0.03144716 -0.03160539 -0.03155871 -0.03153701 -0.0315684  -0.03156147
 -0.03154281 -0.03159932 -0.03154449 -0.03156052 -0.03157457 -0.03154861
 -0.0315752  -0.0315145  -0.03155353 -0.03155479 -0.03158202 -0.03148517
 -0.03154861 -0.03153121 -0.0315509  -0.03153847 -0.03156803 -0.03156919
 -0.03158275 -0.03154918 -0.03155491 -0.03159271 -0.0315514 ]"
90,3703,3704,Alma 41 7,Alma 41.8,[-0.0315514  -0.03160302]
91,3704,3994,Alma 41 8,Alma 50.18,"[-0.03160302 -0.03153633 -0.03155165 -0.03158969 -0.03160019 -0.03156306
 -0.03155788 -0.03153382 -0.03158021 -0.03153944 -0.03154651 -0.03155475
 -0.03151037 -0.03154532 -0.0315663  -0.03155711 -0.03157897 -0.0315893
 -0.03159751 -0.03156404 -0.03156375 -0.03149497 -0.03154379 -0.03157982
 -0.03158124 -0.03154942 -0.0315712  -0.03157445 -0.03158876 -0.03149889
 -0.03157765 -0.03155019 -0.03153757 -0.03156748 -0.03154838 -0.03152388
 -0.03157987 -0.03159977 -0.03156804 -0.03155244 -0.03156409 -0.03160461
 -0.03154637 -0.03153849 -0.03155119 -0.03156228 -0.03155386 -0.03156606
 -0.03156864 -0.0315307  -0.0315252  -0.03154126 -0.03155348 -0.03154077
 -0.03156173 -0.03155565 -0.03156064 -0.03152118 -0.03155678 -0.03155996
 -0.03155926 -0.03154574 -0.03155248 -0.03158833 -0.03157951 -0.03154249
 -0.0315402  -0.03155775 -0.03157298 -0.03155801 -0.03154749 -0.03155789
 -0.03157089 -0.03155356 -0.0315585  -0.03156559 -0.03153309 -0.031534
 -0.03153918 -0.03156816 -0.0315239  -0.03155283 -0.03153488 -0.03157567
 -0.03156656 -0.03154322 -0.03157596 -0.03151911 -0.03151615 -0.03155035
 -0.03154307 -0.03154862 -0.03155594 -0.03153967 -0.03153183 -0.03152763
 -0.03152933 -0.03154745 -0.03151862 -0.0315543  -0.03152315 -0.03153022
 -0.03153976 -0.03155451 -0.03155212 -0.03152647 -0.031544   -0.03154243
 -0.03156968 -0.03155714 -0.03152978 -0.03154251 -0.03154421 -0.03155013
 -0.0315311  -0.03152691 -0.03155885 -0.0315436  -0.03157014 -0.03154702
 -0.03151014 -0.03155152 -0.03152621 -0.03152887 -0.03152476 -0.03154694
 -0.031531   -0.03147053 -0.03153839 -0.03154659 -0.0315523  -0.03153983
 -0.03155094 -0.03155967 -0.03155651 -0.03156218 -0.03156187 -0.03154546
 -0.03150941 -0.03156103 -0.03155014 -0.03153698 -0.0315491  -0.0315729
 -0.03155701 -0.03157725 -0.0315348  -0.03156246 -0.03153608 -0.03150165
 -0.03148478 -0.03157573 -0.03156083 -0.03154007 -0.03150937 -0.03152234
 -0.031526   -0.03155804 -0.03155012 -0.03156784 -0.0315508  -0.03154119
 -0.03153566 -0.03153473 -0.03152606 -0.03152052 -0.03154233 -0.03146983
 -0.03156419 -0.03155869 -0.03153948 -0.03153335 -0.03153407 -0.03154561
 -0.03155026 -0.03157773 -0.03154989 -0.0315498  -0.03153926 -0.03153002
 -0.03154008 -0.03153556 -0.03156941 -0.03150419 -0.03154209 -0.03154656
 -0.03156628 -0.03152429 -0.03157052 -0.03157314 -0.03155039 -0.0315786
 -0.0315685  -0.03157413 -0.03158407 -0.03154597 -0.03157789 -0.0315723
 -0.03156034 -0.03152705 -0.03154422 -0.03155262 -0.03152978 -0.03154651
 -0.03153742 -0.03154523 -0.03154549 -0.03154215 -0.03155365 -0.03152806
 -0.03153873 -0.03154388 -0.03152698 -0.0315623  -0.03155125 -0.03157438
 -0.03154422 -0.03157296 -0.03157777 -0.03153074 -0.03155677 -0.03153393
 -0.03156254 -0.03154305 -0.03155685 -0.03154137 -0.03152063 -0.03155322
 -0.03155786 -0.03149632 -0.03150864 -0.03155327 -0.03155213 -0.03155603
 -0.03152669 -0.03149384 -0.03154477 -0.03157537 -0.03156881 -0.03151257
 -0.03156374 -0.0315621  -0.03154253 -0.03155014 -0.03154334 -0.03152369
 -0.03156571 -0.03158802 -0.0315852  -0.03157539 -0.0315485  -0.0315801
 -0.03153979 -0.03155042 -0.0315369  -0.03154123 -0.03153954 -0.0315508
 -0.03157208 -0.03152464 -0.03157743 -0.03156083 -0.03158561 -0.03155177
 -0.03157068 -0.03154466 -0.03155455 -0.03156824 -0.03157711 -0.0315112
 -0.0315777  -0.0315609  -0.03151386 -0.03154685 -0.03154949 -0.03156002
 -0.03156169 -0.03156233 -0.03152918 -0.03155525 -0.03153638 -0.03157396
 -0.03156381 -0.03152753 -0.03155343 -0.03153399 -0.03154212 -0.03156535
 -0.03157352 -0.03155565 -0.03151955]"
92,3994,4429,Alma 50 18,Alma 62.50,"[-0.03151955 -0.03148406 -0.03156192 -0.03148381 -0.03155252 -0.0315683
 -0.0315445  -0.03154069 -0.03155148 -0.03152152 -0.03157025 -0.03156491
 -0.0315807  -0.03152914 -0.03153146 -0.0315157  -0.03155691 -0.03152812
 -0.03155156 -0.03156314 -0.03154363 -0.03155285 -0.03154851 -0.03159188
 -0.03155317 -0.03155922 -0.03153763 -0.03157229 -0.03156061 -0.03155421
 -0.03156802 -0.03155378 -0.03155169 -0.03154568 -0.03155036 -0.03157764
 -0.03156198 -0.03156049 -0.03154776 -0.03154361 -0.03155221 -0.031566
 -0.0315791  -0.03155221 -0.03157307 -0.03155441 -0.03152591 -0.03155489
 -0.03153978 -0.0315615  -0.0314919  -0.03157561 -0.03154257 -0.03155623
 -0.03155383 -0.03157984 -0.03154324 -0.03155659 -0.03153053 -0.03154489
 -0.03158637 -0.03157208 -0.03154174 -0.03156691 -0.03157364 -0.03153618
 -0.03154102 -0.03156258 -0.0315492  -0.03157402 -0.0315705  -0.031543
 -0.03155134 -0.03155759 -0.03153582 -0.03158115 -0.03155778 -0.03154611
 -0.03156639 -0.03156614 -0.03158303 -0.03153726 -0.03155078 -0.03155746
 -0.03155501 -0.03156307 -0.03155824 -0.03157126 -0.03156905 -0.03155005
 -0.03155755 -0.0315349  -0.03156472 -0.03156141 -0.03152323 -0.03155188
 -0.03157303 -0.03155998 -0.03153307 -0.03159303 -0.03151839 -0.03154189
 -0.03155012 -0.03153545 -0.03154289 -0.03155174 -0.03154834 -0.03154853
 -0.03156226 -0.03159299 -0.03155224 -0.0315188  -0.03158129 -0.03155774
 -0.03155438 -0.03156716 -0.03153745 -0.03156711 -0.03153612 -0.03155097
 -0.03152875 -0.03156651 -0.0315664  -0.03147581 -0.03154337 -0.03155035
 -0.03155504 -0.03154236 -0.03153642 -0.03153019 -0.03150869 -0.03151979
 -0.03151439 -0.03157102 -0.0315204  -0.03150099 -0.03158306 -0.0315765
 -0.03154102 -0.0315646  -0.0315578  -0.03154095 -0.03153573 -0.03157426
 -0.03157786 -0.03155469 -0.0315407  -0.03155856 -0.03155173 -0.03153598
 -0.0315824  -0.03155787 -0.03155076 -0.03154269 -0.03154879 -0.0315681
 -0.03152877 -0.03155931 -0.03157615 -0.03155219 -0.03155762 -0.03158663
 -0.03155282 -0.03155839 -0.03153065 -0.03156475 -0.03154863 -0.03154809
 -0.03156308 -0.0315624  -0.03152886 -0.03154438 -0.03156762 -0.0315772
 -0.03157085 -0.03156305 -0.0315274  -0.03155552 -0.03156603 -0.03154734
 -0.03154783 -0.03156567 -0.03160962 -0.03160731 -0.03153532 -0.03151587
 -0.03155381 -0.0315358  -0.03156331 -0.03155624 -0.03149994 -0.03156813
 -0.03156205 -0.0315912  -0.03156335 -0.03156984 -0.03157398 -0.03156611
 -0.03155141 -0.0315534  -0.03154062 -0.03156751 -0.03153924 -0.03152985
 -0.0315616  -0.0315366  -0.03155102 -0.0315449  -0.03154691 -0.03154169
 -0.03158032 -0.03156278 -0.03154227 -0.03156134 -0.03154999 -0.03149514
 -0.03154064 -0.03155043 -0.0315582  -0.03157286 -0.03154573 -0.03153927
 -0.03152153 -0.03155494 -0.03155164 -0.03154701 -0.03155742 -0.03155332
 -0.03155337 -0.03156481 -0.03155514 -0.03158032 -0.03155628 -0.03155033
 -0.03157993 -0.03154811 -0.03160007 -0.03156203 -0.03154176 -0.03158143
 -0.03158599 -0.03152885 -0.03154638 -0.03157176 -0.03152809 -0.03155291
 -0.03154023 -0.03150308 -0.03157186 -0.03156856 -0.03156867 -0.03159052
 -0.0315336  -0.03153329 -0.03154835 -0.03154631 -0.03155063 -0.03154147
 -0.03154991 -0.03154138 -0.03155449 -0.03154281 -0.03157921 -0.03155022
 -0.03155978 -0.03157401 -0.03156062 -0.03156238 -0.03159882 -0.03149206
 -0.03153674 -0.0315308  -0.03153644 -0.03152561 -0.031556   -0.03154307
 -0.03154653 -0.03151116 -0.0315495  -0.0315728  -0.03156405 -0.0315568
 -0.03154762 -0.03155768 -0.0315451  -0.03151613 -0.03155667 -0.03153936
 -0.031557   -0.03156432 -0.03144483 -0.03159835 -0.03155036 -0.03155635
 -0.03154581 -0.03156915 -0.03157984 -0.03155251 -0.03157039 -0.03157334
 -0.03155494 -0.03154834 -0.03155363 -0.03155345 -0.03150457 -0.03156525
 -0.03153855 -0.0315647  -0.03153834 -0.03147986 -0.0315824  -0.03152832
 -0.03153575 -0.03153193 -0.03155089 -0.0315796  -0.03157872 -0.03154536
 -0.03153694 -0.03157375 -0.03154334 -0.03154124 -0.03152242 -0.03152339
 -0.03153965 -0.03153426 -0.03154713 -0.03157165 -0.03156061 -0.03159742
 -0.03159009 -0.03160148 -0.03154965 -0.03152577 -0.03154615 -0.03158143
 -0.03155664 -0.03154985 -0.03154242 -0.03156676 -0.03156357 -0.03153724
 -0.03156655 -0.03153266 -0.03152795 -0.03155478 -0.03154121 -0.03156738
 -0.03153263 -0.03157955 -0.0315241  -0.03152303 -0.031512   -0.03156852
 -0.0315283  -0.03157982 -0.03155591 -0.03147347 -0.03153267 -0.0315309
 -0.03160495 -0.03153822 -0.03153397 -0.03154688 -0.03157093 -0.0315636
 -0.03155763 -0.03154547 -0.03156821 -0.03156604 -0.03155958 -0.03153677
 -0.03154352 -0.03156903 -0.03155612 -0.03152671 -0.03154631 -0.03152703
 -0.031531   -0.03155415 -0.03152013 -0.03155972 -0.03155256 -0.03156569
 -0.03151874 -0.03155334 -0.0315668  -0.03148859 -0.03154036 -0.03155707
 -0.03153036 -0.03155676 -0.03154261 -0.0315438  -0.03153468 -0.03151382
 -0.03156795 -0.03155151 -0.03155916 -0.03155606 -0.03156956 -0.0315406
 -0.03151638 -0.03154043 -0.03153886 -0.03157858 -0.03153064 -0.0315094
 -0.03154951 -0.03153801 -0.03155267 -0.03154539 -0.03156588 -0.03156595
 -0.0315267  -0.03155367 -0.03156575 -0.0315464  -0.03153903 -0.0315423
 -0.03153377 -0.03155222 -0.03156308 -0.03154393 -0.03150611 -0.0315207
 -0.03154541 -0.03156597 -0.03154916 -0.03155458 -0.03153404 -0.03153208
 -0.03152229 -0.031535   -0.03158563 -0.03154156]"
93,4429,4430,Alma 62 50,Alma 62.51,[-0.03154156 -0.03155996]
94,4430,4559,Alma 62 51,Heleman 4.26,"[-0.03155996 -0.03158113 -0.03147699 -0.03153331 -0.03156311 -0.03155549
 -0.03154671 -0.03156175 -0.03155417 -0.03155753 -0.03155076 -0.03148861
 -0.03154741 -0.03156666 -0.03158386 -0.03152084 -0.03154875 -0.03156574
 -0.03155759 -0.03161325 -0.03158647 -0.0315704  -0.03156413 -0.03154867
 -0.03157748 -0.03155639 -0.0315356  -0.0315522  -0.03159548 -0.03149393
 -0.03155479 -0.03156285 -0.03155789 -0.0315206  -0.03154283 -0.03152121
 -0.03156275 -0.03154688 -0.03155375 -0.03157436 -0.0315318  -0.0315314
 -0.03156046 -0.03156242 -0.03154305 -0.03155395 -0.03156317 -0.03151826
 -0.0315327  -0.03156117 -0.0315535  -0.03153323 -0.03157616 -0.0315676
 -0.03156314 -0.03153878 -0.0315564  -0.03155539 -0.0315673  -0.03157495
 -0.03156617 -0.03156909 -0.03153842 -0.03158694 -0.03157658 -0.03153522
 -0.03154782 -0.03157098 -0.0315825  -0.03154887 -0.03155588 -0.03152297
 -0.03153426 -0.03155431 -0.031574   -0.03156793 -0.0315513  -0.03152824
 -0.03154853 -0.03156529 -0.03157181 -0.03156219 -0.03154432 -0.03157906
 -0.03155654 -0.03153013 -0.03153496 -0.0315455  -0.0315391  -0.0315688
 -0.0315433  -0.03157215 -0.03152553 -0.03154566 -0.03147343 -0.03153451
 -0.03156148 -0.0315615  -0.03157377 -0.03154421 -0.03155188 -0.03156241
 -0.03154275 -0.03158131 -0.03156143 -0.03150018 -0.03153806 -0.03157923
 -0.03152197 -0.03151823 -0.0315577  -0.03154049 -0.03152504 -0.03157244
 -0.03151166 -0.03153571 -0.03155795 -0.03155119 -0.0315484  -0.03156893
 -0.0315736  -0.03151347 -0.03156667 -0.03156474 -0.03154494 -0.03155367
 -0.03154851 -0.03152418 -0.03154231 -0.03157048]"
95,4559,4676,Heleman 4 26,Heleman 7.24,"[-0.03157048 -0.03160823 -0.03153916 -0.03155492 -0.03154106 -0.03154834
 -0.03157652 -0.03159281 -0.03158899 -0.03159326 -0.03158128 -0.03154509
 -0.03155332 -0.03155073 -0.03154396 -0.03156699 -0.03154649 -0.03155241
 -0.03152991 -0.03154229 -0.03151954 -0.03151768 -0.03152202 -0.03156258
 -0.0315674  -0.03154782 -0.03155598 -0.03154346 -0.03153784 -0.03155232
 -0.03152209 -0.03153064 -0.03154486 -0.03154752 -0.03155368 -0.03155865
 -0.03156424 -0.03157002 -0.03155611 -0.03153849 -0.0316137  -0.03155306
 -0.03149709 -0.03159208 -0.03153928 -0.03154415 -0.03156044 -0.03154868
 -0.03155332 -0.03156568 -0.03155848 -0.03154592 -0.03155756 -0.03157136
 -0.03152933 -0.03154285 -0.0315523  -0.03146876 -0.03152381 -0.031564
 -0.0315435  -0.03157516 -0.03155053 -0.0315644  -0.03156801 -0.03157976
 -0.0315324  -0.03158054 -0.03156056 -0.03154378 -0.03154922 -0.03157641
 -0.03158184 -0.03155845 -0.03153622 -0.03154102 -0.03155667 -0.03152302
 -0.03154352 -0.03153297 -0.03156241 -0.03153585 -0.03156918 -0.03153521
 -0.03153891 -0.03154943 -0.03155613 -0.03154521 -0.03155638 -0.03156222
 -0.0315592  -0.03160634 -0.03153468 -0.03159519 -0.03156645 -0.03154629
 -0.03149842 -0.03157615 -0.03155107 -0.03158322 -0.0315552  -0.03151798
 -0.03152818 -0.03154532 -0.0315208  -0.0315466  -0.03160377 -0.03154702
 -0.03155448 -0.03154827 -0.03153489 -0.03151156 -0.03153002 -0.03153286
 -0.03153564 -0.0315298  -0.03157401 -0.03157479]"
96,4676,4735,Heleman 7 24,Heleman 9.26,"[-0.03157479 -0.03152978 -0.03153499 -0.03152178 -0.03151307 -0.03157772
 -0.03155588 -0.0315392  -0.03150836 -0.03155319 -0.03155515 -0.03154981
 -0.03153099 -0.03156198 -0.03149047 -0.03155825 -0.03157783 -0.03153436
 -0.0315291  -0.03151401 -0.03155937 -0.03153224 -0.03151833 -0.0315276
 -0.03152628 -0.03152477 -0.03150833 -0.03154628 -0.03153862 -0.03156698
 -0.03154763 -0.03149897 -0.0315306  -0.03153532 -0.03151231 -0.03154994
 -0.03155229 -0.03155941 -0.03152493 -0.03155761 -0.03153435 -0.03153744
 -0.03159023 -0.0315702  -0.0315747  -0.03157988 -0.03157272 -0.03154106
 -0.03154388 -0.03154303 -0.03153765 -0.03154593 -0.03149866 -0.03156536
 -0.03157238 -0.03154216 -0.03156477 -0.03151778 -0.03152765 -0.03152261]"
97,4735,4736,Heleman 9 26,Heleman 9.27,[-0.03152261 -0.03160359]
98,4736,4757,Heleman 9 27,Heleman 10.7,"[-0.03160359 -0.03150893 -0.03153438 -0.03153542 -0.03155021 -0.03157708
 -0.0315412  -0.03154059 -0.03154401 -0.03158533 -0.03154248 -0.0315704
 -0.03155762 -0.0315705  -0.03152802 -0.03157491 -0.03154192 -0.03157681
 -0.03157508 -0.03151223 -0.03154844 -0.03159339]"
99,4757,4768,Heleman 10 7,Heleman 10.18,"[-0.03159339 -0.03150945 -0.03152036 -0.03150858 -0.03153344 -0.03155519
 -0.03155548 -0.0315323  -0.03153984 -0.0315243  -0.03153843 -0.03152795]"
100,4768,4868,Heleman 10 18,Heleman 13.35,"[-0.03152795 -0.03156609 -0.03153262 -0.031551   -0.03156212 -0.03157833
 -0.03155877 -0.03155533 -0.0315413  -0.03155929 -0.03156889 -0.03154952
 -0.03158254 -0.03158809 -0.0315702  -0.03155137 -0.03156544 -0.03159369
 -0.03155812 -0.03153674 -0.03155176 -0.03150451 -0.03153969 -0.03155157
 -0.03154785 -0.03155001 -0.0315721  -0.03157259 -0.03149753 -0.03158859
 -0.03153761 -0.03160742 -0.03155337 -0.03149438 -0.03149884 -0.03153163
 -0.03157431 -0.03149507 -0.03154383 -0.03156876 -0.03156544 -0.03155745
 -0.03157064 -0.03157768 -0.03156287 -0.03155582 -0.03157825 -0.03155864
 -0.03152015 -0.0315008  -0.03149017 -0.03148963 -0.03150371 -0.03152977
 -0.03155499 -0.03156212 -0.03155448 -0.03159705 -0.031527   -0.03158792
 -0.0315487  -0.03154596 -0.03152256 -0.03155573 -0.03151184 -0.03154072
 -0.03159279 -0.03156843 -0.03152192 -0.03151398 -0.03156174 -0.03151253
 -0.03152666 -0.03155667 -0.03151859 -0.0315307  -0.031548   -0.03151118
 -0.03157082 -0.03154451 -0.03146915 -0.03150992 -0.03151952 -0.03155119
 -0.03156968 -0.03155725 -0.03156407 -0.03154128 -0.03152797 -0.03154869
 -0.03156176 -0.03154209 -0.03152884 -0.03156228 -0.03150003 -0.0315174
 -0.03158601 -0.03155155 -0.03155271 -0.03157567 -0.03151908]"
101,4868,4886,Heleman 13 35,Heleman 14.14,"[-0.03151908 -0.03144864 -0.03154633 -0.03156606 -0.03152989 -0.03156029
 -0.03154102 -0.03157465 -0.03152105 -0.03154344 -0.0315507  -0.03153119
 -0.03155184 -0.03152137 -0.03153912 -0.03155254 -0.03153458 -0.03153634
 -0.03152752]"
102,4886,5154,Heleman 14 14,3 Nephi 8.19,"[-0.03152752 -0.03154992 -0.03151568 -0.03155994 -0.03156192 -0.03151023
 -0.03158146 -0.03152854 -0.03153644 -0.03155338 -0.03152391 -0.03152921
 -0.0315686  -0.03154829 -0.03153282 -0.03156136 -0.03156327 -0.03152619
 -0.03153669 -0.03150277 -0.0315896  -0.03153058 -0.03154736 -0.03157667
 -0.03152507 -0.03153817 -0.0315566  -0.03154781 -0.03148331 -0.03157119
 -0.03153918 -0.03152989 -0.03155    -0.0315372  -0.03155944 -0.03155731
 -0.03154593 -0.03150765 -0.03151282 -0.03155342 -0.03156367 -0.03154613
 -0.03153802 -0.03157307 -0.03155475 -0.03156997 -0.03156747 -0.03154843
 -0.03152597 -0.03156431 -0.03157115 -0.03156522 -0.03154538 -0.03155439
 -0.03155644 -0.03160012 -0.03156012 -0.03156019 -0.03157032 -0.03156606
 -0.03157186 -0.03157441 -0.03153941 -0.03153991 -0.03157101 -0.03151332
 -0.03153852 -0.03153732 -0.03157193 -0.03156845 -0.03152449 -0.03154789
 -0.03156093 -0.03154713 -0.03152982 -0.03154441 -0.03152931 -0.03154555
 -0.03155284 -0.03152289 -0.03156607 -0.03155528 -0.03153192 -0.03157033
 -0.03155133 -0.03153322 -0.03155727 -0.03151713 -0.03152965 -0.03155103
 -0.03154639 -0.03155278 -0.03153244 -0.03154093 -0.03155959 -0.03156309
 -0.03154739 -0.03154835 -0.03155185 -0.03153891 -0.03152799 -0.0315514
 -0.03152961 -0.03155456 -0.03155192 -0.03155907 -0.0315337  -0.03153762
 -0.03157162 -0.03157298 -0.03158103 -0.03156991 -0.03155028 -0.03157779
 -0.03158922 -0.031563   -0.03152773 -0.03155889 -0.03157818 -0.03156238
 -0.03154892 -0.03151491 -0.03154019 -0.03152549 -0.03154327 -0.03152596
 -0.03157363 -0.03157858 -0.03156182 -0.03154034 -0.03156239 -0.03151214
 -0.03154473 -0.03155204 -0.03154237 -0.03153621 -0.03153275 -0.03154197
 -0.03155516 -0.03158278 -0.03156214 -0.03154643 -0.03154707 -0.0315653
 -0.03154399 -0.03154575 -0.03153783 -0.03154797 -0.0315782  -0.03154073
 -0.03156467 -0.03155314 -0.03157021 -0.03154277 -0.03158557 -0.03153053
 -0.03155566 -0.03151887 -0.03155666 -0.03155407 -0.03152241 -0.03153314
 -0.03153353 -0.03153986 -0.03153399 -0.03154995 -0.03148082 -0.03156098
 -0.0315328  -0.03155472 -0.03155788 -0.0315808  -0.03153966 -0.03155196
 -0.03157064 -0.03158739 -0.03158117 -0.031583   -0.03157432 -0.03151147
 -0.03154478 -0.03157293 -0.03155916 -0.03155595 -0.03157885 -0.03158504
 -0.03160361 -0.03153085 -0.03150963 -0.03157587 -0.03147428 -0.03154407
 -0.03154372 -0.03154956 -0.03153205 -0.03159278 -0.03156738 -0.03159331
 -0.0315536  -0.03156342 -0.03159321 -0.03154799 -0.03155824 -0.03156349
 -0.03155194 -0.03156283 -0.03157412 -0.03152975 -0.03154937 -0.03154587
 -0.0315743  -0.03152814 -0.03157648 -0.0315417  -0.03155594 -0.03156648
 -0.03153411 -0.03152191 -0.03153484 -0.03156602 -0.03154654 -0.03153237
 -0.03155038 -0.03153064 -0.03153142 -0.03154937 -0.03154398 -0.03157422
 -0.03154131 -0.03154355 -0.03154012 -0.03156049 -0.03157302 -0.03153407
 -0.03154606 -0.03155917 -0.03158684 -0.03154652 -0.03156171 -0.0315372
 -0.03154504 -0.0315376  -0.03153688 -0.03153327 -0.03154105 -0.03155406
 -0.03153943 -0.03156183 -0.03154001 -0.03151851 -0.0315272  -0.03158926
 -0.03154423 -0.03157324 -0.03161538 -0.03151699 -0.03153388 -0.03156806
 -0.03153284 -0.03149368 -0.0315544  -0.03153611 -0.03155263 -0.03152035
 -0.03157588 -0.03156724 -0.03153465 -0.03152971 -0.03154848]"
103,5154,5155,3 Nephi 8 19,3 Nephi 8.20,[-0.03154848 -0.03151847]
104,5155,5176,3 Nephi 8 20,3 Nephi 9.16,"[-0.03151847 -0.0315733  -0.03153068 -0.03154025 -0.03155893 -0.03154904
 -0.03156533 -0.03151473 -0.0315717  -0.031537   -0.03153648 -0.03156881
 -0.03148069 -0.03152663 -0.03154545 -0.03156747 -0.03154232 -0.03152916
 -0.03157799 -0.03155378 -0.03158333 -0.03156718]"
105,5176,5177,3 Nephi 9 16,3 Nephi 9.17,[-0.03156718 -0.03156731]
106,5177,5178,3 Nephi 9 17,3 Nephi 9.18,[-0.03156731 -0.0315975 ]
107,5178,5192,3 Nephi 9 18,3 Nephi 10.10,"[-0.0315975  -0.03151129 -0.03155679 -0.03151823 -0.03154411 -0.03153533
 -0.03156942 -0.03155981 -0.03157414 -0.03152509 -0.03157994 -0.03151782
 -0.03154069 -0.03153882 -0.03152145]"
108,5192,5242,3 Nephi 10 10,3 Nephi 11.41,"[-0.03152145 -0.03154127 -0.03153265 -0.03153952 -0.03157784 -0.03152958
 -0.03154435 -0.0315536  -0.03155065 -0.03154164 -0.0315541  -0.03153221
 -0.03154424 -0.03155778 -0.03155316 -0.03155036 -0.03154898 -0.03158865
 -0.0315654  -0.03151876 -0.03155237 -0.03154612 -0.03155715 -0.0315517
 -0.03154614 -0.03156978 -0.03155084 -0.03154349 -0.03153438 -0.03157777
 -0.03153125 -0.03155398 -0.03153617 -0.03155443 -0.03155586 -0.03153096
 -0.03152318 -0.03156355 -0.03156135 -0.03156679 -0.03154368 -0.03156601
 -0.03153416 -0.03152669 -0.03156419 -0.03153663 -0.03153047 -0.03152975
 -0.03157868 -0.03152865 -0.03152581]"
109,5242,5257,3 Nephi 11 41,3 Nephi 12.15,"[-0.03152581 -0.03155421 -0.03157064 -0.03149052 -0.03154298 -0.03154439
 -0.03152595 -0.03155204 -0.03155461 -0.03156929 -0.03153976 -0.03153034
 -0.03152472 -0.03157047 -0.03158504 -0.03156264]"
110,5257,5258,3 Nephi 12 15,3 Nephi 12.16,[-0.03156264 -0.03161211]
111,5258,5285,3 Nephi 12 16,3 Nephi 12.43,"[-0.03161211 -0.03153943 -0.03154494 -0.03152993 -0.03153859 -0.0315664
 -0.03157359 -0.03150975 -0.03154314 -0.03156529 -0.03156098 -0.03152186
 -0.03156302 -0.03153659 -0.03155081 -0.03152353 -0.0315774  -0.03155009
 -0.03155127 -0.03149877 -0.03153386 -0.03150305 -0.03155609 -0.03156943
 -0.03156904 -0.0315603  -0.03156529 -0.03154284]"
112,5285,5286,3 Nephi 12 43,3 Nephi 12.44,[-0.03154284 -0.03154133]
113,5286,5320,3 Nephi 12 44,3 Nephi 13.30,"[-0.03154133 -0.03155202 -0.03154068 -0.031564   -0.03154635 -0.03157057
 -0.03157979 -0.03154474 -0.031557   -0.03157967 -0.03156986 -0.0315442
 -0.0315352  -0.03154003 -0.03153926 -0.03155714 -0.03156132 -0.03156249
 -0.03154232 -0.03157916 -0.03156161 -0.03154166 -0.0315505  -0.03154506
 -0.03157925 -0.03159904 -0.03155298 -0.03156507 -0.0315002  -0.03157156
 -0.0316182  -0.03155717 -0.03159291 -0.03158017 -0.03155974]"
114,5320,5323,3 Nephi 13 30,3 Nephi 13.33,[-0.03155974 -0.0315459  -0.03155651 -0.03154926]
115,5323,5324,3 Nephi 13 33,3 Nephi 13.34,[-0.03154926 -0.03149553]
116,5324,5326,3 Nephi 13 34,3 Nephi 14.2,[-0.03149553 -0.03155313 -0.03154932]
117,5326,5331,3 Nephi 14 2,3 Nephi 14.7,[-0.03154932 -0.0315555  -0.03162861 -0.03160792 -0.03155245 -0.03155816]
118,5331,5332,3 Nephi 14 7,3 Nephi 14.8,[-0.03155816 -0.03160914]
119,5332,5413,3 Nephi 14 8,3 Nephi 17.18,"[-0.03160914 -0.03157202 -0.03155925 -0.03156444 -0.03155542 -0.03155443
 -0.03156308 -0.03154231 -0.0315458  -0.03156463 -0.03156072 -0.03154188
 -0.03153495 -0.03153751 -0.03154596 -0.03152485 -0.03152884 -0.03152899
 -0.03152321 -0.03152879 -0.03157811 -0.03155878 -0.03156478 -0.03153315
 -0.03153949 -0.03153251 -0.0315356  -0.03152287 -0.03157475 -0.03154057
 -0.03157848 -0.0315187  -0.03153775 -0.03153326 -0.03152889 -0.03155353
 -0.0315539  -0.03153806 -0.03158175 -0.03154656 -0.03157598 -0.03153998
 -0.03152974 -0.03153888 -0.0315564  -0.03158324 -0.03153199 -0.03154658
 -0.03153804 -0.03154743 -0.03154474 -0.03158688 -0.0315372  -0.03154624
 -0.0315338  -0.0315103  -0.0315378  -0.03151119 -0.03153648 -0.03153096
 -0.03154247 -0.03151994 -0.031517   -0.03152769 -0.03155959 -0.03156672
 -0.03153448 -0.03153942 -0.03154629 -0.03153819 -0.03156346 -0.03152747
 -0.03150714 -0.03154141 -0.03157062 -0.03151787 -0.03153737 -0.03154956
 -0.03155862 -0.03155476 -0.03153674 -0.0315149 ]"
120,5413,5414,3 Nephi 17 18,3 Nephi 17.19,[-0.0315149  -0.03147251]
121,5414,5424,3 Nephi 17 19,3 Nephi 18.4,"[-0.03147251 -0.03152942 -0.03154363 -0.03156926 -0.03158106 -0.03155762
 -0.03156087 -0.03151865 -0.03155029 -0.03154532 -0.03155974]"
122,5424,5452,3 Nephi 18 4,3 Nephi 18.32,"[-0.03155974 -0.03157079 -0.03152806 -0.03153677 -0.03154456 -0.03153687
 -0.0315502  -0.03154134 -0.03154416 -0.03153132 -0.03153365 -0.03155066
 -0.03154099 -0.03156583 -0.03158752 -0.03151063 -0.03152429 -0.03154977
 -0.03153381 -0.03152851 -0.03155758 -0.03155301 -0.03159152 -0.0315326
 -0.03156537 -0.0315329  -0.03153903 -0.03151896 -0.03152602]"
123,5452,5453,3 Nephi 18 32,3 Nephi 18.33,[-0.03152602 -0.03155861]
124,5453,5457,3 Nephi 18 33,3 Nephi 18.37,[-0.03155861 -0.03152639 -0.03153837 -0.03158157 -0.03153727]
125,5457,5458,3 Nephi 18 37,3 Nephi 18.38,[-0.03153727 -0.03157022]
126,5458,5489,3 Nephi 18 38,3 Nephi 19.30,"[-0.03157022 -0.03154572 -0.03153726 -0.03155112 -0.03153608 -0.03156118
 -0.03155216 -0.03152509 -0.03151104 -0.03154546 -0.03152609 -0.03152606
 -0.03155231 -0.03153006 -0.03153699 -0.03153589 -0.0315479  -0.03152827
 -0.03156656 -0.03152998 -0.03157153 -0.03155751 -0.03156217 -0.03156388
 -0.03157315 -0.03152458 -0.03156949 -0.03152693 -0.03156016 -0.03155259
 -0.0315715  -0.03155503]"
127,5489,5581,3 Nephi 19 30,3 Nephi 22.11,"[-0.03155503 -0.0315713  -0.03152668 -0.03152894 -0.03155168 -0.03156636
 -0.03157583 -0.03155358 -0.03153382 -0.03155594 -0.03156136 -0.03155544
 -0.03155425 -0.0315545  -0.03159676 -0.03154066 -0.03154948 -0.03152088
 -0.0315324  -0.03156205 -0.03152834 -0.03150623 -0.03153441 -0.03152435
 -0.03154059 -0.03150167 -0.0315263  -0.03154777 -0.03156388 -0.03154024
 -0.03152614 -0.03153714 -0.03156592 -0.03152637 -0.0315403  -0.03155772
 -0.03154176 -0.03152294 -0.03154365 -0.03153035 -0.03151197 -0.03153363
 -0.03153705 -0.03154215 -0.03151453 -0.03153927 -0.03158523 -0.0315204
 -0.03151929 -0.03153943 -0.03152521 -0.03152896 -0.03154719 -0.03155002
 -0.0315431  -0.03156482 -0.03155317 -0.031552   -0.03155573 -0.03153453
 -0.03155073 -0.03153352 -0.03151271 -0.03154122 -0.03153464 -0.03155242
 -0.03149617 -0.03152999 -0.03156056 -0.03153019 -0.03152133 -0.03154205
 -0.03154657 -0.03152093 -0.03154423 -0.03154452 -0.03152789 -0.03152668
 -0.03153502 -0.03148036 -0.03145695 -0.03152529 -0.03154267 -0.03154322
 -0.0314527  -0.03155732 -0.03152963 -0.03152011 -0.03153903 -0.03152519
 -0.03154521 -0.03155409 -0.03153565]"
128,5581,5598,3 Nephi 22 11,3 Nephi 23.11,"[-0.03153565 -0.03153444 -0.03152476 -0.03153281 -0.03151303 -0.03156727
 -0.03154841 -0.03156726 -0.03154214 -0.03156368 -0.03154422 -0.03152832
 -0.03158713 -0.03154421 -0.03157932 -0.03157677 -0.03152116 -0.03159176]"
129,5598,5657,3 Nephi 23 11,3 Nephi 27.11,"[-0.03159176 -0.03155715 -0.03154548 -0.03155283 -0.03155465 -0.03158268
 -0.03153228 -0.03154588 -0.03153587 -0.03152247 -0.0315444  -0.03152409
 -0.03152375 -0.03153076 -0.03153635 -0.03151521 -0.03153671 -0.03154614
 -0.03151745 -0.03154662 -0.03154714 -0.03155596 -0.03152106 -0.03151831
 -0.0315149  -0.03154894 -0.03151965 -0.03154852 -0.03152225 -0.03156142
 -0.03156131 -0.03154494 -0.03152765 -0.03156066 -0.03154857 -0.03156837
 -0.03155952 -0.03152972 -0.03153845 -0.03156158 -0.0315558  -0.03154967
 -0.03157111 -0.03157779 -0.03155104 -0.0315424  -0.03155089 -0.03153791
 -0.0315406  -0.03155673 -0.03151972 -0.03155188 -0.03155958 -0.03155848
 -0.03153638 -0.03154063 -0.03155746 -0.0315269  -0.03150471 -0.0315316 ]"
130,5657,5658,3 Nephi 27 11,3 Nephi 27.12,[-0.0315316  -0.03151602]
131,5658,5681,3 Nephi 27 12,3 Nephi 28.2,"[-0.03151602 -0.0315352  -0.03153801 -0.03154649 -0.03155287 -0.03154031
 -0.03153453 -0.03156764 -0.03156708 -0.03153613 -0.03154269 -0.03156327
 -0.03154683 -0.03153449 -0.03153207 -0.03157161 -0.03155933 -0.03155884
 -0.031564   -0.03154032 -0.03157603 -0.03157931 -0.03161489 -0.03158526]"
132,5681,5682,3 Nephi 28 2,3 Nephi 28.3,[-0.03158526 -0.03154699]
133,5682,5711,3 Nephi 28 3,3 Nephi 28.32,"[-0.03154699 -0.03158892 -0.03155351 -0.0315811  -0.03153892 -0.03150927
 -0.03153268 -0.03154081 -0.03152608 -0.03158278 -0.0315153  -0.03153424
 -0.03157512 -0.03157141 -0.03158942 -0.03155849 -0.03150461 -0.03151997
 -0.03155561 -0.03153308 -0.03152243 -0.03157569 -0.03155451 -0.03154574
 -0.03152596 -0.03151296 -0.03155643 -0.03152925 -0.03153782 -0.03148863]"
134,5711,5724,3 Nephi 28 32,3 Nephi 29.5,"[-0.03148863 -0.03153725 -0.03157047 -0.03155749 -0.03158097 -0.03156878
 -0.03156243 -0.03155657 -0.03155674 -0.03157161 -0.03152726 -0.0315421
 -0.03154528 -0.03150407]"
135,5724,5959,3 Nephi 29 5,Ether 1.2,"[-0.03150407 -0.03148175 -0.03155478 -0.0314933  -0.03153185 -0.0315437
 -0.03155503 -0.03157203 -0.03156074 -0.03154933 -0.03155429 -0.03154283
 -0.03154287 -0.03155949 -0.03154529 -0.03153163 -0.03154303 -0.03156575
 -0.03154462 -0.03153317 -0.03152065 -0.03154403 -0.03152914 -0.03153285
 -0.03156331 -0.03154335 -0.03153123 -0.0315515  -0.03155666 -0.03153916
 -0.03154955 -0.03153387 -0.03151678 -0.03152642 -0.03154371 -0.03155611
 -0.03153577 -0.03153155 -0.03153401 -0.03149941 -0.03154779 -0.03155722
 -0.0315432  -0.03155552 -0.03154032 -0.031531   -0.03154421 -0.03154355
 -0.0315621  -0.03156051 -0.031558   -0.03152567 -0.03154439 -0.03155059
 -0.03154817 -0.0315599  -0.03154143 -0.03150611 -0.03156771 -0.03152571
 -0.03154444 -0.03156549 -0.03154852 -0.03154548 -0.03152712 -0.03153892
 -0.03156045 -0.03154949 -0.03152731 -0.03152485 -0.03152483 -0.03154503
 -0.03151817 -0.03154981 -0.03154647 -0.03153918 -0.03158935 -0.03156955
 -0.03154834 -0.03154724 -0.03155025 -0.03147991 -0.03150121 -0.03156253
 -0.0315586  -0.03156996 -0.03155113 -0.03157841 -0.03152937 -0.03153276
 -0.03152957 -0.03157492 -0.03155424 -0.03153669 -0.0315551  -0.03155485
 -0.03152249 -0.03152952 -0.03155612 -0.0315419  -0.03156154 -0.03152209
 -0.03154151 -0.03151952 -0.03154704 -0.0315503  -0.03155633 -0.03153543
 -0.0314962  -0.03159735 -0.03152234 -0.03156866 -0.03153343 -0.03155526
 -0.03155388 -0.03151925 -0.03151543 -0.03156099 -0.0315202  -0.03155257
 -0.03154141 -0.03154638 -0.03154951 -0.03154518 -0.03155912 -0.0315531
 -0.03153951 -0.03154343 -0.03152957 -0.0315491  -0.03157096 -0.03155102
 -0.0315397  -0.03155918 -0.03155031 -0.03153971 -0.03152316 -0.03153478
 -0.03152329 -0.03154998 -0.03154612 -0.03155805 -0.03156306 -0.03154036
 -0.03155181 -0.0315438  -0.0315794  -0.03153479 -0.0315291  -0.03154006
 -0.03155823 -0.03155808 -0.03155776 -0.03155294 -0.0315584  -0.03154603
 -0.03155358 -0.03157266 -0.03155915 -0.0315689  -0.03155409 -0.03153844
 -0.03152202 -0.03154671 -0.03154541 -0.03154079 -0.03154948 -0.03156136
 -0.03155184 -0.03155757 -0.03153529 -0.03153265 -0.03156843 -0.03153801
 -0.03156085 -0.03152465 -0.03152695 -0.03154325 -0.03155077 -0.03155817
 -0.03152628 -0.03153278 -0.03149901 -0.03155609 -0.03156084 -0.03153451
 -0.03154331 -0.03149118 -0.03155134 -0.03151652 -0.03153019 -0.03156238
 -0.03152546 -0.03152883 -0.03154178 -0.03155332 -0.03152401 -0.03155275
 -0.03153866 -0.03155395 -0.03158493 -0.03152139 -0.03157448 -0.03157897
 -0.03153213 -0.03155546 -0.03158258 -0.03156349 -0.03156314 -0.03155721
 -0.03154899 -0.03156955 -0.03153846 -0.0315688  -0.03159487 -0.0315821
 -0.0315723  -0.03156738 -0.03158992 -0.03155081 -0.03156069 -0.03157917
 -0.03156106 -0.0315644  -0.03154327 -0.0315381  -0.0315325  -0.03157161
 -0.03155948 -0.03154916 -0.03155321 -0.03153595 -0.03155709 -0.03157592
 -0.03155271 -0.03155409]"
136,5959,5960,Ether 1 2,Ether 1.3,[-0.03155409 -0.03150064]
137,5960,5961,Ether 1 3,Ether 1.4,[-0.03150064 -0.0315741 ]
138,5961,6021,Ether 1 4,Ether 2.21,"[-0.0315741  -0.03153291 -0.03154487 -0.03150062 -0.03157169 -0.03157411
 -0.0315735  -0.0315712  -0.03156289 -0.03155991 -0.03156534 -0.03156671
 -0.03155218 -0.03156956 -0.03157535 -0.03156323 -0.03158124 -0.031566
 -0.03156781 -0.03155092 -0.03157169 -0.03157212 -0.03157159 -0.03155991
 -0.03156765 -0.03157925 -0.03156773 -0.03156551 -0.03156974 -0.0315373
 -0.03153955 -0.03151337 -0.03157422 -0.03151765 -0.03157837 -0.03151606
 -0.03155412 -0.03157563 -0.0315687  -0.0315743  -0.03156739 -0.03157987
 -0.03149745 -0.03154188 -0.03152379 -0.03154917 -0.03153634 -0.03154906
 -0.03154188 -0.0315449  -0.03154899 -0.0315587  -0.03157167 -0.03152489
 -0.03157745 -0.03154884 -0.0315317  -0.03156106 -0.03157716 -0.03152382
 -0.03153222]"
139,6021,6095,Ether 2 21,Ether 6.17,"[-0.03153222 -0.03154629 -0.03153857 -0.03153947 -0.03155751 -0.03156935
 -0.03156337 -0.03157862 -0.03155408 -0.03156013 -0.03154493 -0.03153867
 -0.03152445 -0.03154691 -0.03153469 -0.03154049 -0.03153452 -0.03154093
 -0.03156101 -0.03155093 -0.03155979 -0.03157339 -0.03153824 -0.03151711
 -0.0315658  -0.03155389 -0.03152353 -0.03153055 -0.03157989 -0.03155715
 -0.03156383 -0.03154034 -0.03153609 -0.03153505 -0.03152638 -0.03151916
 -0.0315435  -0.03157467 -0.0315177  -0.03156373 -0.03153598 -0.03152898
 -0.03154096 -0.03159374 -0.03156977 -0.03153406 -0.03153526 -0.03154642
 -0.0315582  -0.03155523 -0.03154396 -0.03154755 -0.03156456 -0.03152032
 -0.03153442 -0.03153266 -0.03151572 -0.03155517 -0.03156281 -0.03153858
 -0.03152875 -0.03155114 -0.03154263 -0.03154363 -0.03150556 -0.03154596
 -0.0315109  -0.03152933 -0.03154129 -0.03154531 -0.03153905 -0.03159028
 -0.03153765 -0.03153696 -0.03154477]"
140,6095,6193,Ether 6 17,Ether 9.32,"[-0.03154477 -0.03154139 -0.03156511 -0.03153697 -0.03157481 -0.03158654
 -0.03152672 -0.03157661 -0.03156479 -0.03155458 -0.03153523 -0.03156919
 -0.031578   -0.03153662 -0.03153012 -0.03153622 -0.03152468 -0.03154392
 -0.03151512 -0.03154696 -0.03155094 -0.0315414  -0.03154746 -0.03154781
 -0.03155392 -0.03156656 -0.03154046 -0.03155572 -0.03146243 -0.03152611
 -0.03152067 -0.03157158 -0.03156951 -0.03154444 -0.03154736 -0.03154922
 -0.03156699 -0.03153138 -0.03152399 -0.03154498 -0.03154372 -0.03154202
 -0.03154465 -0.03154458 -0.0315491  -0.0315226  -0.03153275 -0.03153758
 -0.03156293 -0.03156598 -0.03156208 -0.03155695 -0.0315425  -0.03157678
 -0.03150562 -0.03153635 -0.03154033 -0.03154977 -0.03155771 -0.03153413
 -0.03155753 -0.03154824 -0.03153121 -0.03153529 -0.03156318 -0.03155215
 -0.03155032 -0.03158514 -0.03153362 -0.03154807 -0.03152776 -0.03155336
 -0.03153206 -0.03157902 -0.03153151 -0.03153546 -0.03154826 -0.03155285
 -0.03154152 -0.03154078 -0.0315511  -0.03155582 -0.0315398  -0.03153819
 -0.03156452 -0.03154711 -0.0315372  -0.03155137 -0.03152375 -0.03154845
 -0.0315509  -0.03154728 -0.03153326 -0.03156448 -0.03153634 -0.03155113
 -0.03152081 -0.03153592 -0.03153443]"
141,6193,6194,Ether 9 32,Ether 9.33,[-0.03153443 -0.03153418]
142,6194,6260,Ether 9 33,Ether 12.7,"[-0.03153418 -0.03153776 -0.03154857 -0.03149687 -0.03154384 -0.03153964
 -0.0315569  -0.03154152 -0.03153713 -0.03156469 -0.03156415 -0.03158093
 -0.03156334 -0.03152816 -0.03156032 -0.03154919 -0.03153165 -0.03153802
 -0.03154846 -0.0315555  -0.03156528 -0.03155695 -0.03155066 -0.0315699
 -0.03155863 -0.03154887 -0.03158017 -0.0315595  -0.03154729 -0.03155022
 -0.03157155 -0.03153735 -0.03153318 -0.03156894 -0.0315511  -0.03152273
 -0.03154775 -0.03150266 -0.03150758 -0.03153145 -0.03155155 -0.03155358
 -0.03153499 -0.03151706 -0.03153157 -0.03152845 -0.03156141 -0.03152178
 -0.031541   -0.03150442 -0.03155755 -0.03153617 -0.03153892 -0.03154836
 -0.03155387 -0.03154388 -0.03153569 -0.03152171 -0.03152016 -0.0315782
 -0.03152947 -0.03152496 -0.03151965 -0.03154061 -0.03152278 -0.03154737
 -0.03156059]"
143,6260,6261,Ether 12 7,Ether 12.8,[-0.03156059 -0.03152503]
144,6261,6292,Ether 12 8,Ether 12.39,"[-0.03152503 -0.03151808 -0.03153055 -0.03153757 -0.0315645  -0.03157628
 -0.03155593 -0.03158728 -0.03153755 -0.03154193 -0.03157544 -0.03157599
 -0.03154596 -0.03155291 -0.03155089 -0.03156608 -0.03155958 -0.03154727
 -0.0315568  -0.03156641 -0.03153279 -0.03155521 -0.03151015 -0.03153496
 -0.03154411 -0.03155229 -0.03155234 -0.03157497 -0.03152129 -0.03156722
 -0.0315696  -0.03158734]"
145,6292,6392,Ether 12 39,Moroni 1.2,"[-0.03158734 -0.0315762  -0.03157891 -0.03155268 -0.03154659 -0.03152585
 -0.03152474 -0.0315412  -0.03151204 -0.03154619 -0.03153722 -0.03153593
 -0.03155775 -0.03154326 -0.03156633 -0.03155049 -0.03155699 -0.03152853
 -0.03153792 -0.03154467 -0.03156093 -0.03154876 -0.03153817 -0.03155025
 -0.03154348 -0.03151727 -0.03153049 -0.03154613 -0.03152928 -0.03154104
 -0.03155583 -0.03153293 -0.03153739 -0.03152158 -0.0315564  -0.03156484
 -0.03153333 -0.03151037 -0.03151496 -0.0315336  -0.03154943 -0.03155401
 -0.03156558 -0.03155399 -0.03154088 -0.03152005 -0.03152304 -0.0315101
 -0.03154469 -0.03153978 -0.03153829 -0.03157511 -0.03154221 -0.03144221
 -0.03156653 -0.03155286 -0.03153514 -0.03152641 -0.03153649 -0.03153365
 -0.0315214  -0.03153686 -0.03154161 -0.0315429  -0.03156391 -0.03154368
 -0.03154855 -0.0315742  -0.0315472  -0.03153969 -0.03155643 -0.03155687
 -0.03155159 -0.03155647 -0.03154    -0.03154274 -0.0314988  -0.03153545
 -0.03155006 -0.03155023 -0.03155779 -0.03155799 -0.03153469 -0.03153689
 -0.03155034 -0.03155497 -0.03153652 -0.03155039 -0.03154132 -0.03155137
 -0.03154151 -0.03156048 -0.03154458 -0.03156293 -0.03154811 -0.0315325
 -0.03156823 -0.03155395 -0.0315607  -0.03159203 -0.03152002]"
146,6392,6461,Moroni 1 2,Moroni 7.46,"[-0.03152002 -0.031543   -0.03158686 -0.03153671 -0.03153063 -0.03152844
 -0.03153856 -0.03154202 -0.03154945 -0.03154706 -0.03149992 -0.03154349
 -0.03157983 -0.03153487 -0.03158237 -0.03155629 -0.03153129 -0.0315189
 -0.03155587 -0.03152394 -0.03153368 -0.03153259 -0.03155172 -0.03154403
 -0.03156505 -0.03156173 -0.0315829  -0.0315492  -0.03152436 -0.03152186
 -0.03151917 -0.03153339 -0.03154349 -0.03155617 -0.03153875 -0.03156933
 -0.03155626 -0.03153685 -0.03154542 -0.03155065 -0.03155666 -0.03153414
 -0.03155513 -0.03156704 -0.0315738  -0.03158424 -0.03152273 -0.03152242
 -0.03153713 -0.03154596 -0.03160483 -0.03154413 -0.03156026 -0.03152216
 -0.03153618 -0.03157736 -0.0315479  -0.03157913 -0.03156884 -0.03158867
 -0.03159457 -0.03155255 -0.03152984 -0.03156608 -0.03154262 -0.03155893
 -0.03154351 -0.03155431 -0.03156308 -0.03153424]"
147,6461,6478,Moroni 7 46,Moroni 8.15,"[-0.03153424 -0.03154676 -0.03154756 -0.03155854 -0.03157799 -0.03156641
 -0.03157    -0.03153701 -0.03155556 -0.03154407 -0.0315619  -0.03154011
 -0.03153606 -0.03155128 -0.03156266 -0.03153987 -0.03157793 -0.03154492]"
148,6478,6479,Moroni 8 15,Moroni 8.16,[-0.03154492 -0.03157593]
149,6479,6483,Moroni 8 16,Moroni 8.20,[-0.03157593 -0.03154355 -0.03153839 -0.03153871 -0.03155182]
150,6483,6484,Moroni 8 20,Moroni 8.21,[-0.03155182 -0.03158158]
151,6484,6495,Moroni 8 21,Moroni 9.2,"[-0.03158158 -0.03153231 -0.03153628 -0.03151329 -0.03154218 -0.03155293
 -0.03157118 -0.03154597 -0.0315312  -0.03156712 -0.03154686 -0.03152045]"
152,6495,6519,Moroni 9 2,Moroni 9.26,"[-0.03152045 -0.03143099 -0.03155082 -0.03157618 -0.03154591 -0.03156899
 -0.03153075 -0.03153816 -0.03156435 -0.03152198 -0.03157114 -0.03151019
 -0.03158778 -0.03151963 -0.03156773 -0.03152908 -0.03155231 -0.03154907
 -0.03157804 -0.03152986 -0.03154994 -0.0315171  -0.03157571 -0.03157041
 -0.03162276]"
153,6519,6539,Moroni 9 26,Moroni 10.20,"[-0.03162276 -0.03153888 -0.03160384 -0.03156373 -0.03154765 -0.03155524
 -0.03154189 -0.03153987 -0.03155836 -0.03152981 -0.03156176 -0.0315529
 -0.03155894 -0.03155347 -0.03155921 -0.03155873 -0.03157993 -0.03152722
 -0.03154272 -0.03155965 -0.03157519]"
154,6539,6540,Moroni 10 20,Moroni 10.21,[-0.03157519 -0.03150443]
155,6540,6544,Moroni 10 21,Moroni 10.25,[-0.03150443 -0.03157709 -0.03155586 -0.03160748 -0.03155294]
156,6544,6545,Moroni 10 25,Moroni 10.26,[-0.03155294 -0.03154557]
